timestamps,open,high,low,close,volume,amount
2021-05-28,179.51,180.14,178.08,178.65,7265323.0,1297949953.95
2021-06-01,180.18,181.01,178.74,178.84,7673155.0,1372267040.2
2021-06-02,179.04,179.1,176.93,177.0,7959081.0,1408757337.0
2021-06-03,176.268,176.97,175.4155,176.24,5704422.0,1005347333.28
2021-06-04,175.93,177.52,175.61,177.18,6466448.0,1145725256.64
2021-06-07,177.97,178.07,176.4,176.99,5271311.0,932969333.89
2021-06-08,175.97,177.1199,175.192,176.33,5503812.0,970487169.96
2021-06-09,176.31,177.33,175.88,176.04,5185678.0,912886755.12
2021-06-10,176.44,177.61,175.55,176.57,5337954.0,942522537.78
2021-06-11,177.45,178.49,176.81,177.38,5585312.0,990722642.56
2021-06-14,177.65,178.87,176.9,178.18,10257997.0,1827769905.46
2021-06-15,178.18,178.7,175.6233,175.86,8012361.0,1409053805.46
2021-06-16,176.01,176.26,173.55,174.66,8439508.0,1474044467.28
2021-06-17,174.59,176.26,173.84,174.65,8993373.0,1570692594.45
2021-06-18,173.14,173.86,172.115,172.42,13441495.0,2317582567.8999996
2021-06-21,172.13,174.26,171.3124,173.97,9397694.0,1634916825.18
2021-06-22,174.37,174.7,172.35,173.5,8196072.0,1422018492.0
2021-06-23,173.62,175.45,172.94,175.33,9319569.0,1634000032.7700002
2021-06-24,176.13,178.24,175.78,177.93,7673653.0,1365373078.29
2021-06-25,178.83,179.09,177.485,178.35,7602726.0,1355946182.1
2021-06-28,178.5,178.66,174.99,176.57,10021169.0,1769437810.33
2021-06-29,176.64,177.02,173.8,173.93,13637622.0,2371991594.46
2021-06-30,173.89,175.98,173.34,175.77,7472083.0,1313368028.91
2021-07-01,175.35,177.6,174.6,177.26,6043187.0,1071215327.62
2021-07-02,177.86,178.36,174.62,177.11,11200088.0,1983647585.68
2021-07-06,176.76,177.0,172.22,173.69,11744949.0,2039980191.81
2021-07-07,172.86,174.32,171.99,172.82,6904300.0,1193201126.0
2021-07-08,170.18,173.75,169.81,172.8,7111242.0,1228822617.6
2021-07-09,174.7,177.518,173.93,177.04,8038192.0,1423081511.6799998
2021-07-12,177.71,184.99,177.37,184.38,22002541.0,4056828509.58
2021-07-13,184.09,185.67,181.8401,183.65,12748484.0,2341259086.6
2021-07-14,185.2,186.29,182.08,183.42,8945251.0,1640737938.4199998
2021-07-15,183.45,185.42,183.05,184.15,8004388.0,1474008050.2
2021-07-16,184.94,185.29,178.92,179.31,8461966.0,1517315123.46
2021-07-19,175.71,176.4799,172.16,172.95,14803421.0,2560251661.95
2021-07-20,173.7,177.51,172.87,176.75,8439945.0,1491760278.75
2021-07-21,176.5,177.9,175.32,176.89,6408184.0,1133543667.76
2021-07-22,176.7,176.72,173.9,175.13,5816823.0,1018700211.99
2021-07-23,175.66,176.5,174.03,176.14,5251411.0,924983533.54
2021-07-26,175.62,178.78,175.34,178.74,5685155.0,1016164604.7
2021-07-27,178.25,179.56,176.565,179.5,6806296.0,1221730132.0
2021-07-28,179.69,180.35,177.55,179.1,6025614.0,1079187467.4
2021-07-29,179.81,181.42,178.27,178.35,6209059.0,1107385672.65
2021-07-30,177.53,179.2,175.14,176.02,6813443.0,1199302236.86
2021-08-02,177.22,178.82,175.31,175.55,5847175.0,1026471571.25
2021-08-03,176.02,176.13,170.92,172.99,9931347.0,1718023717.53
2021-08-04,172.5,173.25,171.34,172.58,5654627.0,975875527.66
2021-08-05,172.49,177.12,172.49,176.71,8864174.0,1566388187.54
2021-08-06,177.43,178.81,176.63,177.13,5505241.0,975143338.33
2021-08-09,177.0,177.31,175.062,176.72,5338969.0,943502601.68
2021-08-10,176.25,177.4,175.58,177.07,5184959.0,918100690.13
2021-08-11,177.36,178.49,176.51,178.09,5329654.0,949158080.86
2021-08-12,178.09,179.72,176.45,179.29,11266420.0,2019956441.8
2021-08-13,186.29,187.5799,180.88,181.08,31964619.0,5788153208.52
2021-08-16,180.505,180.59,176.51,179.09,8755051.0,1567942083.59
2021-08-17,177.15,178.45,174.9232,175.83,8534526.0,1500625706.5800002
2021-08-18,175.9,176.7925,174.5,174.74,7063511.0,1234277912.14
2021-08-19,174.0,174.68,172.56,173.25,8475406.0,1468364089.5
2021-08-20,173.0,175.21,172.65,175.12,6224617.0,1090054929.04
2021-08-23,177.08,178.31,175.9101,177.66,7370378.0,1309421355.48
2021-08-24,177.92,180.08,177.76,178.47,5882947.0,1049929551.09
2021-08-25,178.16,178.59,176.88,178.31,4842077.0,863390749.87
2021-08-26,178.34,178.94,176.34,176.56,4563000.0,805643280.0
2021-08-27,176.28,180.54,176.28,180.14,8696960.0,1566670374.4
2021-08-30,180.5,181.39,178.87,179.98,6421287.0,1155703234.26
2021-08-31,179.25,182.98,178.53,181.3,8620017.0,1562809082.1
2021-09-01,181.96,184.21,181.78,183.48,7302824.0,1339922147.52
2021-09-02,184.16,185.3,181.55,181.86,6497070.0,1181557150.2
2021-09-03,181.82,181.82,179.13,181.0,6848827.0,1239637687.0
2021-09-07,181.02,185.55,180.05,184.34,10868799.0,2003554407.66
2021-09-08,184.34,187.46,183.92,185.15,8633959.0,1598577508.85
2021-09-09,185.15,187.5799,184.57,185.91,7190666.0,1336816716.06
2021-09-10,186.36,187.1,184.01,184.12,5572248.0,1025962301.76
2021-09-13,185.115,185.8,183.5,184.98,6904433.0,1277182016.34
2021-09-14,184.96,185.13,182.15,182.4,6270753.0,1143785347.2
2021-09-15,182.06,184.66,181.103,184.41,6008009.0,1107936939.69
2021-09-16,183.97,184.64,182.12,183.34,5678224.0,1041045588.16
2021-09-17,182.91,185.9,182.73,183.47,10030204.0,1840241527.88
2021-09-20,179.74,180.88,176.55,178.61,8056648.0,1438997899.2800002
2021-09-21,180.32,182.23,169.03,171.17,23216027.0,3973887341.59
2021-09-22,172.94,175.341,171.66,173.65,14214525.0,2468352266.25
2021-09-23,174.94,177.19,174.37,176.25,8052869.0,1419318161.25
2021-09-24,175.3,176.7,175.0772,176.0,5712778.0,1005448928.0
2021-09-27,176.63,179.4502,175.96,178.26,7754953.0,1382397921.78
2021-09-28,177.75,178.0,173.86,174.52,9133118.0,1593911753.36
2021-09-29,174.25,174.96,172.59,172.68,6240771.0,1077656336.28
2021-09-30,173.1,173.68,169.1,169.17,14059787.0,2378494166.79
2021-10-01,172.28,177.32,171.97,176.01,12165022.0,2141165522.22
2021-10-04,175.56,175.96,172.665,173.46,7200589.0,1249014167.94
2021-10-05,173.83,176.24,173.61,174.61,6798224.0,1187037892.64
2021-10-06,173.0,175.71,171.5501,175.48,5988769.0,1050909184.12
2021-10-07,177.7,179.63,177.33,177.71,7779997.0,1382583266.87
2021-10-08,177.93,178.6,176.4029,176.74,4217858.0,745464222.9200001
2021-10-11,176.02,176.52,173.48,173.52,8046270.0,1396188770.4
2021-10-12,173.62,174.49,172.545,173.13,5188380.0,898264229.4
2021-10-13,173.63,173.7,170.94,172.96,8918152.0,1542483569.92
2021-10-14,174.07,176.02,174.0,174.41,7453306.0,1299931099.46
2021-10-15,175.69,178.89,174.1,176.46,13943894.0,2460539535.24
2021-10-18,172.36,173.34,169.8,171.14,20494788.0,3507478018.3199997
2021-10-19,171.44,171.58,170.18,171.18,9649589.0,1651816645.02
2021-10-20,170.97,171.02,169.88,170.55,9640650.0,1644212857.5
2021-10-21,170.2,172.5,170.1,171.34,6908956.0,1183780521.04
2021-10-22,170.57,170.8,168.6,169.42,7854323.0,1330679402.6599998
2021-10-25,169.9,172.57,169.025,172.01,9770088.0,1680552836.88
2021-10-26,172.95,173.115,170.71,172.04,5850210.0,1006470128.4
2021-10-27,171.77,172.04,169.43,169.55,7054716.0,1196127097.8000002
2021-10-28,169.48,170.35,168.6,169.68,7884519.0,1337845183.92
2021-10-29,169.02,170.4599,168.15,169.07,7598849.0,1284737400.43
2021-11-01,169.21,171.25,169.09,170.19,8182898.0,1392647410.62
2021-11-02,170.03,170.85,168.98,169.83,6777230.0,1150976970.9
2021-11-03,169.7,170.19,168.37,170.08,6829310.0,1161529044.8000002
2021-11-04,170.03,170.42,168.67,170.28,7505507.0,1278037731.96
2021-11-05,173.5,176.99,172.33,175.63,16859184.0,2960978485.92
2021-11-08,178.69,179.25,176.1018,176.87,10584586.0,1872095725.82
2021-11-09,176.95,177.1198,173.21,175.11,7293301.0,1277129938.11
2021-11-10,174.69,176.87,173.87,174.45,10945776.0,1909490623.2
2021-11-11,162.89,163.96,158.33,162.11,62343399.0,10106488411.89
2021-11-12,163.52,163.61,158.93,159.63,25635470.0,4092190076.1
2021-11-15,160.09,160.72,157.66,158.43,19585347.0,3102906525.21
2021-11-16,159.06,160.24,158.55,158.83,15497511.0,2461469672.13
2021-11-17,158.73,158.89,156.75,157.33,14695528.0,2312047420.24
2021-11-18,157.09,157.3,153.71,155.58,14487740.0,2254002589.2000003
2021-11-19,155.02,155.21,152.77,154.0,16776492.0,2583579768.0
2021-11-22,153.225,155.8232,152.57,154.16,12788408.0,1971460977.28
2021-11-23,153.84,154.25,150.19,151.03,17336093.0,2618270125.79
2021-11-24,150.69,151.41,148.8,151.34,14123739.0,2137486660.26
2021-11-26,146.8,148.85,145.85,148.11,12007675.0,1778456744.2500002
2021-11-29,148.81,149.3,144.25,147.81,20971823.0,3099845157.63
2021-11-30,146.72,147.28,143.11,144.9,26011109.0,3769009694.1
2021-12-01,146.7,148.37,142.04,142.15,16503227.0,2345933718.05
2021-12-02,142.84,147.65,142.77,147.2,18161709.0,2673403564.7999997
2021-12-03,147.81,148.315,144.32,146.22,14956915.0,2187000111.3
2021-12-06,147.28,150.7399,146.67,150.37,14333932.0,2155393354.84
2021-12-07,151.84,152.76,149.72,150.81,14661067.0,2211035514.27
2021-12-08,150.91,153.655,150.56,153.34,12886261.0,1975979261.74
2021-12-09,152.27,154.29,151.7,152.94,11862333.0,1814225209.02
2021-12-10,153.58,154.66,151.45,152.71,10247891.0,1564955434.61
2021-12-13,152.12,152.5,149.29,150.43,10195818.0,1533756901.74
2021-12-14,149.26,151.62,148.52,149.1,10872028.0,1621019374.8
2021-12-15,148.76,150.92,147.35,150.4,12231479.0,1839614441.6
2021-12-16,151.35,152.06,148.58,148.75,11145623.0,1657911421.25
2021-12-17,148.51,149.84,146.57,148.76,13878798.0,2064609990.48
2021-12-20,146.98,147.73,145.08,146.47,11201921.0,1640745368.87
2021-12-21,147.56,151.425,147.39,151.05,10781406.0,1628531376.3000002
2021-12-22,150.42,152.2,149.87,151.88,7820439.0,1187768275.32
2021-12-23,152.32,154.1899,151.93,153.63,6572351.0,1009710284.13
2021-12-27,152.88,154.02,151.4,152.8,7765470.0,1186563816.0
2021-12-28,152.62,156.5,152.41,155.2,12198679.0,1893234980.8
2021-12-29,154.56,155.92,154.18,154.87,8737004.0,1353099809.48
2021-12-30,155.71,157.07,155.515,155.93,7228438.0,1127130337.3400002
2021-12-31,155.87,156.57,154.74,154.89,6410235.0,992881299.15
2022-01-03,155.83,157.56,155.36,156.76,10228257.0,1603381567.32
2022-01-04,158.59,160.32,155.55,155.73,16582041.0,2582321244.93
2022-01-05,156.52,159.38,155.1,155.19,12272097.0,1904506733.43
2022-01-06,156.24,157.77,153.6791,156.9,11095326.0,1740856649.4
2022-01-07,156.9,159.3,156.29,157.83,9554622.0,1508005990.2600002
2022-01-10,157.98,158.27,154.65,156.6,8672855.0,1358169093.0
2022-01-11,156.62,158.22,155.9455,157.89,8042556.0,1269839166.84
2022-01-12,158.5,158.99,156.33,157.8,6995649.0,1103913412.2
2022-01-13,157.7,158.53,155.17,155.44,9680583.0,1504749821.52
2022-01-14,152.35,152.62,148.415,151.94,16831957.0,2557447546.58
2022-01-18,151.11,153.13,149.83,152.27,10425768.0,1587531693.36
2022-01-19,150.84,152.86,149.955,150.11,10399047.0,1561000945.17
2022-01-20,150.905,152.66,147.15,147.62,11760374.0,1736066409.88
2022-01-21,141.23,141.87,136.6319,137.38,34491847.0,4738489940.86
2022-01-24,134.82,137.68,129.26,137.46,31523846.0,4333267871.16
2022-01-25,135.29,137.75,132.38,136.51,14687413.0,2004978748.63
2022-01-26,137.707,138.2,132.26,133.6,14569916.0,1946540777.6
2022-01-27,135.07,137.91,134.02,135.42,11913900.0,1613380337.9999998
2022-01-28,135.21,138.69,133.56,138.63,10000116.0,1386316081.08
2022-01-31,138.86,143.15,138.47,142.97,10185499.0,1456220792.03
2022-02-01,143.02,144.69,142.25,144.49,8573340.0,1238761896.6
2022-02-02,144.19,144.59,141.38,142.62,9529884.0,1359152056.0800002
2022-02-03,140.0,142.04,139.25,140.03,9820585.0,1375176517.55
2022-02-04,140.04,143.19,139.53,142.02,8061075.0,1144833871.5
2022-02-07,143.39,144.09,141.61,142.51,10937517.0,1558705547.6699998
2022-02-08,141.79,142.8879,140.74,142.48,9231697.0,1315332188.56
2022-02-09,144.37,147.355,143.25,147.23,22873397.0,3367650240.31
2022-02-10,156.02,157.5,151.11,152.16,42500322.0,6466848995.5199995
2022-02-11,153.54,154.69,148.56,149.47,17975207.0,2686754190.29
2022-02-14,149.37,153.73,149.21,150.85,14694683.0,2216692930.5499997
2022-02-15,153.54,154.85,152.51,154.72,12730923.0,1969728406.56
2022-02-16,154.98,156.73,153.75,156.35,10656352.0,1666120635.2
2022-02-17,154.69,155.3612,152.61,152.95,8107999.0,1240118447.05
2022-02-18,152.91,153.6755,150.05,151.36,10785503.0,1632493734.0800002
2022-02-22,150.19,150.79,147.61,148.09,12217409.0,1809276098.81
2022-02-23,149.5,149.74,145.5,145.87,9300697.0,1356692671.39
2022-02-24,140.0,149.57,140.0,149.4,12475485.0,1863837459.0
2022-02-25,149.56,150.28,147.22,149.53,10149515.0,1517656977.95
2022-02-28,147.83,149.48,146.46,148.46,10834719.0,1608522382.74
2022-03-01,147.86,148.146,143.779,145.7,8943991.0,1303139488.6999998
2022-03-02,146.31,148.465,145.92,147.34,7851027.0,1156770318.18
2022-03-03,147.31,148.65,144.45,145.57,8036440.0,1169864570.8
2022-03-04,144.01,144.26,139.55,140.72,12925361.0,1818856799.92
2022-03-07,140.28,140.89,133.44,133.5,14532270.0,1940058045.0
2022-03-08,133.02,135.485,129.29,131.75,16552011.0,2180727449.25
2022-03-09,135.49,135.5,133.36,133.65,14664331.0,1959887838.15
2022-03-10,132.36,134.2,131.62,133.64,8447238.0,1128888886.32
2022-03-11,135.08,136.16,131.57,131.75,7058388.0,929942619.0
2022-03-14,130.98,133.07,128.38,129.03,9971526.0,1286625999.78
2022-03-15,129.74,134.56,129.51,134.2,9834809.0,1319831367.8
2022-03-16,135.65,138.98,134.94,138.14,10638735.0,1469634852.9
2022-03-17,137.44,139.47,136.56,139.47,6816024.0,950630867.28
2022-03-18,139.55,140.725,138.3,140.3,11308777.0,1586621413.1
2022-03-21,138.9,139.3,136.88,138.62,9090316.0,1260099603.92
2022-03-22,139.06,142.19,138.9,140.11,8494749.0,1190199282.39
2022-03-23,139.07,139.76,137.54,137.64,8761269.0,1205901065.1599998
2022-03-24,138.58,139.2699,137.41,138.96,5858789.0,814137319.44
2022-03-25,139.28,140.38,138.12,139.14,5952130.0,828179368.1999999
2022-03-28,138.88,139.6274,136.2816,138.72,8456087.0,1173028388.64
2022-03-29,140.96,144.46,140.96,142.38,11280683.0,1606143645.54
2022-03-30,141.31,143.2675,140.08,140.96,7922426.0,1116745168.96
2022-03-31,140.14,140.88,137.11,137.16,12290461.0,1685759630.76
2022-04-01,137.34,138.1,135.53,137.0,10341044.0,1416723028.0
2022-04-04,136.97,139.261,136.89,138.58,8182004.0,1133862114.3200002
2022-04-05,137.74,139.2,135.13,135.62,8694095.0,1179093163.9
2022-04-06,133.75,133.93,130.81,132.57,11679732.0,1548382071.24
2022-04-07,133.01,133.21,130.02,131.87,9858728.0,1300070461.36
2022-04-08,132.0,133.12,130.63,131.87,6701966.0,883788256.4200001
2022-04-11,130.04,132.43,130.04,130.65,9915280.0,1295431332.0
2022-04-12,131.81,133.21,130.1528,130.84,7885640.0,1031757137.6
2022-04-13,131.05,132.89,130.75,132.35,7691667.0,1017992127.45
2022-04-14,132.81,133.59,130.35,130.47,7283466.0,950273809.02
2022-04-18,130.07,130.22,126.82,127.77,10571011.0,1350658075.47
2022-04-19,128.09,133.19,127.79,131.9,12767220.0,1683996318.0
2022-04-20,126.05,127.35,124.1104,124.57,36465676.0,4542529259.32
2022-04-21,125.54,126.45,121.28,121.66,18688636.0,2273659455.76
2022-04-22,120.01,121.89,118.15,118.27,19430038.0,2297990594.26
2022-04-25,117.66,120.33,116.75,119.95,16490965.0,1978091251.75
2022-04-26,119.15,119.15,115.64,115.77,16116022.0,1865751866.94
2022-04-27,115.43,116.9,113.39,115.21,15553005.0,1791861706.05
2022-04-28,115.22,116.0,112.69,115.29,23192139.0,2673821705.31
2022-04-29,115.2,115.9899,111.36,111.63,16727020.0,1867237242.6
2022-05-02,111.71,113.6601,111.01,113.5,14300708.0,1623130358.0
2022-05-03,114.05,114.83,112.69,113.55,11149544.0,1266030721.2
2022-05-04,113.37,116.44,111.83,116.19,11488272.0,1334822323.68
2022-05-05,114.74,115.27,111.48,112.61,12720190.0,1432420595.9
2022-05-06,111.77,112.09,108.3,110.29,12525166.0,1381400558.14
2022-05-09,108.11,110.74,106.48,106.98,17941596.0,1919391940.08
2022-05-10,109.835,110.7,106.1447,107.68,15657721.0,1686023397.2800002
2022-05-11,107.9,110.07,104.79,105.21,26933332.0,2833655859.72
2022-05-12,102.9,105.0,99.47,104.31,36298829.0,3786330852.99
2022-05-13,105.36,107.69,105.31,107.33,16757625.0,1798595891.25
2022-05-16,107.46,107.62,104.85,105.18,11993642.0,1261491265.5600002
2022-05-17,107.73,108.79,106.3,108.64,11847643.0,1287127935.52
2022-05-18,107.38,107.66,103.88,104.3,11793977.0,1230111801.1
2022-05-19,103.43,105.3,102.96,103.14,11284951.0,1163929846.14
2022-05-20,104.49,104.8,100.05,102.42,15650431.0,1602917143.02
2022-05-23,103.76,106.03,101.5611,105.83,14402432.0,1524209378.56
2022-05-24,103.71,103.84,100.13,101.59,13970239.0,1419236580.01
2022-05-25,101.43,103.807,101.16,103.26,11026597.0,1138606406.22
2022-05-26,104.22,106.13,103.96,105.61,11297797.0,1193160341.17
2022-05-27,106.89,109.37,106.53,109.32,13671435.0,1494561274.1999998
2022-05-31,110.0,111.235,107.91,110.44,20274632.0,2239130358.08
2022-06-01,112.01,112.85,108.27,109.19,11582744.0,1264719817.36
2022-06-02,109.43,110.95,107.91,110.87,8829877.0,978968462.99
2022-06-03,109.17,109.85,107.9232,108.67,6767601.0,735435200.67
2022-06-06,109.75,110.19,107.65,107.83,7563290.0,815549560.6999999
2022-06-07,106.79,107.92,106.0,107.79,7279062.0,784610092.98
2022-06-08,107.43,109.3605,106.96,107.34,7019489.0,753471949.26
2022-06-09,106.53,107.06,103.25,103.3,8271206.0,854415579.8
2022-06-10,101.43,102.12,99.38,99.4,15386009.0,1529369294.6
2022-06-13,97.61,97.61,94.83,95.71,15239650.0,1458586901.5
2022-06-14,96.27,96.27,93.1,94.22,12443662.0,1172441833.64
2022-06-15,94.61,97.3,94.09,95.88,11751580.0,1126741490.4
2022-06-16,94.01,95.38,93.41,94.28,15298482.0,1442340882.96
2022-06-17,94.01,95.97,93.47,94.34,15403769.0,1453191567.46
2022-06-21,94.9,95.45,93.265,93.29,16649792.0,1553259095.68
2022-06-22,92.17,94.61,92.01,93.5,11415080.0,1067309980.0
2022-06-23,93.96,94.65,92.07,94.3,11348816.0,1070193348.8
2022-06-24,95.45,98.5671,95.4,97.78,11668552.0,1140951014.56
2022-06-27,98.22,98.23,95.8001,96.61,10793748.0,1042783994.28
2022-06-28,99.74,100.4,95.78,95.92,16838236.0,1615123597.12
2022-06-29,95.95,96.201,94.53,95.65,8653197.0,827678293.0500001
2022-06-30,94.42,95.44,92.5443,94.4,10963220.0,1034927968.0
2022-07-01,94.24,96.3107,93.98,96.14,10527780.0,1012140769.2
2022-07-05,94.26,97.23,92.31,97.18,10674623.0,1037359863.14
2022-07-06,97.53,98.19,95.4,96.08,8607229.0,826982562.3199999
2022-07-07,96.9,97.53,95.93,97.43,7813050.0,761225461.5
2022-07-08,96.57,97.12,95.349,95.86,7712297.0,739300790.42
2022-07-11,95.0,95.3375,93.43,93.64,7650632.0,716405180.48
2022-07-12,93.58,95.25,93.31,93.6,8665299.0,811071986.4
2022-07-13,92.12,93.2487,91.01,92.94,12006434.0,1115877975.96
2022-07-14,91.48,92.04,90.23,91.84,11146426.0,1023687763.84
2022-07-15,92.91,95.32,92.7,95.2,14946733.0,1422928981.6
2022-07-18,96.36,97.27,95.31,95.7,10430405.0,998189758.5
2022-07-19,96.68,99.85,96.68,99.61,13683360.0,1362999489.6
2022-07-20,100.25,104.26,99.9538,103.35,15112718.0,1561899405.3
2022-07-21,102.71,104.25,101.61,104.18,8611311.0,897126379.98
2022-07-22,103.28,104.5661,102.11,102.72,7803460.0,801571411.2
2022-07-25,102.78,103.39,101.81,102.69,6726685.0,690763282.65
2022-07-26,102.14,102.36,99.56,99.78,6346629.0,633266641.62
2022-07-27,100.97,103.65,100.81,103.5,9445183.0,977576440.5
2022-07-28,103.245,104.97,102.71,104.9,7947282.0,833669881.8000001
2022-07-29,105.14,106.34,103.37,106.1,10320043.0,1094956562.3
2022-08-01,104.87,106.65,103.8601,106.22,7769658.0,825293072.76
2022-08-02,105.74,106.36,104.62,104.71,9093020.0,952130124.2
2022-08-03,105.73,109.7,105.73,109.02,11243033.0,1225715457.6599998
2022-08-04,108.92,109.45,107.66,108.12,7322411.0,791699077.32
2022-08-05,106.81,107.7,105.37,106.63,10004976.0,1066830590.88
2022-08-08,108.205,111.23,107.9,109.11,13045407.0,1423384357.77
2022-08-09,109.22,109.22,107.03,108.13,8776524.0,949005540.12
2022-08-10,112.48,112.67,109.91,112.43,26398688.0,2968004491.84
2022-08-11,122.21,123.268,117.3309,117.69,50375019.0,5928635986.11
2022-08-12,119.0,121.61,118.9201,121.57,21964785.0,2670258912.45
2022-08-15,121.0,125.96,120.99,124.26,24628324.0,3060315540.24
2022-08-16,124.73,126.48,123.45,124.96,14607300.0,1825328208.0
2022-08-17,123.45,124.48,122.57,122.81,9140896.0,1122593437.76
2022-08-18,123.01,123.13,121.71,122.67,7343934.0,900880383.78
2022-08-19,121.25,121.39,119.48,120.14,8702520.0,1045520752.8
2022-08-22,117.7,118.21,115.6901,115.94,11575841.0,1342103005.54
2022-08-23,115.98,116.3699,114.6211,114.86,7180690.0,824774053.4
2022-08-24,114.67,117.16,114.1,116.41,7840514.0,912714234.74
2022-08-25,117.02,117.77,116.11,117.46,6920927.0,812932085.42
2022-08-26,117.47,118.37,113.89,114.07,7807402.0,890590346.14
2022-08-29,112.54,114.4673,112.41,113.53,6882736.0,781397018.08
2022-08-30,114.28,114.7499,111.45,112.43,8059967.0,906182089.81
2022-08-31,112.87,113.75,111.85,112.08,7352967.0,824120541.36
2022-09-01,111.79,112.59,110.025,112.53,7718715.0,868586998.95
2022-09-02,113.05,113.89,110.84,111.2,8465130.0,941322456.0
2022-09-06,111.77,111.78,108.52,110.09,9523290.0,1048418996.1
2022-09-07,109.87,112.955,109.87,112.69,8193947.0,923375887.43
2022-09-08,111.07,112.99,110.36,112.33,8443278.0,948433417.74
2022-09-09,113.27,115.525,113.19,115.18,9573346.0,1102657992.28
2022-09-12,116.14,117.49,115.27,116.39,7923353.0,922199055.67
2022-09-13,113.05,113.82,111.17,111.76,10504583.0,1173992196.0800002
2022-09-14,111.85,112.74,109.88,112.5,8610446.0,968675175.0
2022-09-15,112.39,114.41,110.71,110.77,9739754.0,1078872550.58
2022-09-16,109.21,109.58,106.96,108.25,15978828.0,1729708131.0
2022-09-19,107.53,109.2245,107.036,109.17,7870457.0,859217790.69
2022-09-20,108.28,108.41,106.86,107.57,6957409.0,748408486.13
2022-09-21,107.39,108.04,104.49,104.49,9776355.0,1021531333.95
2022-09-22,104.21,104.66,102.02,102.16,10953392.0,1118998526.72
2022-09-23,100.62,101.18,98.02,99.5,11976927.0,1191704236.5
2022-09-26,98.95,100.66,98.06,98.12,9760467.0,957697022.04
2022-09-27,99.53,99.64,95.432,95.85,13360187.0,1280573923.9499998
2022-09-28,95.79,99.87,95.45,99.4,12845748.0,1276867351.2
2022-09-29,98.53,98.6,96.23,97.45,9435058.0,919446402.1
2022-09-30,96.5,97.4778,94.28,94.33,12094936.0,1140915312.88
2022-10-03,95.73,97.78,94.504,97.13,9468403.0,919665983.39
2022-10-04,98.68,101.52,98.2301,101.44,10229002.0,1037629962.88
2022-10-05,100.04,101.22,98.7,100.8,7562771.0,762327316.8
2022-10-06,100.43,101.46,99.8701,100.04,6728101.0,673079224.0400001
2022-10-07,98.51,98.8,96.4469,97.16,7051019.0,685077006.04
2022-10-10,97.59,97.74,94.42,95.16,9532334.0,907096903.44
2022-10-11,94.81,95.06,92.65,93.1,8900901.0,828673883.0999999
2022-10-12,93.16,94.07,92.2,93.41,6156217.0,575052229.97
2022-10-13,91.57,96.97,90.71,96.64,11025428.0,1065497361.92
2022-10-14,97.47,98.09,94.33,94.45,8208884.0,775329093.8000001
2022-10-17,96.38,97.97,96.26,97.33,7083842.0,689470341.86
2022-10-18,99.87,100.3696,97.635,98.48,8533516.0,840380655.6800001
2022-10-19,100.44,101.865,98.5,98.99,11730993.0,1161250997.07
2022-10-20,98.23,100.75,98.11,98.59,8212442.0,809664656.78
2022-10-21,98.35,102.3,97.89,102.04,10193360.0,1040130454.4
2022-10-24,102.12,103.19,100.12,101.72,8221477.0,836288640.4399999
2022-10-25,102.16,104.7299,102.03,104.36,7687535.0,802271152.6
2022-10-26,103.53,107.43,103.53,104.63,9223759.0,965081904.17
2022-10-27,105.805,106.87,104.31,104.44,8673519.0,905862324.36
2022-10-28,104.08,106.09,103.525,105.95,7250889.0,768231689.5500001
2022-10-31,105.66,106.9,104.82,106.54,8814813.0,939130177.02
2022-11-01,107.7,108.84,105.64,106.0,7955761.0,843310666.0
2022-11-02,105.45,106.08,101.785,101.82,9591406.0,976596958.92
2022-11-03,100.2,100.7,98.56,99.25,8978373.0,891103520.25
2022-11-04,101.15,101.16,98.11,99.58,11035804.0,1098945362.32
2022-11-07,100.88,101.56,98.99,100.43,11355242.0,1140406954.0600002
2022-11-08,100.74,101.9687,98.05,99.9,27130263.0,2710313273.7000003
2022-11-09,90.55,91.1,86.28,86.75,62092695.0,5386541291.25
2022-11-10,89.75,90.5,87.608,90.46,36968128.0,3344136858.8799996
2022-11-11,91.58,95.58,91.1,95.01,22373294.0,2125686662.94
2022-11-14,95.85,96.62,94.21,94.28,20505724.0,1933279658.72
2022-11-15,96.0,97.18,93.695,95.51,15801913.0,1509240710.63
2022-11-16,95.22,95.22,93.72,93.95,11137672.0,1046384284.4
2022-11-17,92.12,92.27,90.85,91.45,12297639.0,1124619086.55
2022-11-18,92.86,93.16,90.91,91.8,10011730.0,919076814.0
2022-11-21,100.12,100.89,96.32,97.58,70273509.0,6857289008.22
2022-11-22,97.0,97.67,94.68,96.21,25694336.0,2472052066.56
2022-11-23,96.0,99.34,95.7801,98.88,15503232.0,1532959580.1599998
2022-11-25,98.81,99.81,98.08,98.87,6664281.0,658897462.47
2022-11-28,98.21,99.13,95.43,95.69,13668653.0,1307953405.57
2022-11-29,96.0,96.4299,93.92,94.69,13205327.0,1250412413.63
2022-11-30,94.95,97.94,93.87,97.87,15368108.0,1504076729.96
2022-12-01,97.87,98.835,96.58,98.59,13855680.0,1366031491.2
2022-12-02,97.46,99.69,97.0101,99.43,12608101.0,1253623482.43
2022-12-05,98.24,99.16,95.665,95.93,10762040.0,1032402497.2
2022-12-06,95.73,96.0,91.98,92.29,11492365.0,1060630365.85
2022-12-07,92.66,92.7857,91.26,92.15,10353416.0,954067284.4
2022-12-08,92.5,93.428,91.67,92.55,9351229.0,865456243.9499999
2022-12-09,92.37,94.91,91.9,93.38,10111877.0,944247074.26
2022-12-12,93.73,94.66,92.61,94.66,14140682.0,1338556958.12
2022-12-13,96.49,97.3917,93.57,94.7,22882080.0,2166932976.0
2022-12-14,94.54,95.47,92.62,94.15,11505449.0,1083238023.35
2022-12-15,92.47,93.12,90.115,90.49,15882469.0,1437204619.81
2022-12-16,90.19,91.08,88.81,90.08,26383881.0,2376660000.48
2022-12-19,89.44,89.46,85.41,85.78,19225289.0,1649145290.42
2022-12-20,86.08,87.8391,85.76,87.02,14876400.0,1294544328.0
2022-12-21,87.19,88.0997,86.48,86.92,11004832.0,956539997.44
2022-12-22,86.03,86.73,84.69,86.67,15304520.0,1326442748.4
2022-12-23,86.06,88.07,85.77,88.01,11171606.0,983213044.06
2022-12-27,87.42,87.94,85.96,86.37,11556448.0,998130413.76
2022-12-28,86.08,86.69,84.07,84.17,12399508.0,1043666588.36
2022-12-29,85.25,88.242,84.97,87.18,13045069.0,1137269115.42
2022-12-30,85.73,87.12,85.225,86.88,23230967.0,2018306412.96
2023-01-03,88.98,89.9716,87.83,88.97,14997142.0,1334295723.74
2023-01-04,90.0,92.745,89.36,91.98,14957213.0,1375764451.74
2023-01-05,91.66,92.48,90.51,91.92,10956020.0,1007077358.4
2023-01-06,92.66,94.69,91.3211,93.92,9828145.0,923059378.4
2023-01-09,94.43,95.7,93.45,94.77,11675842.0,1106519546.34
2023-01-10,94.28,95.64,93.82,95.56,6914633.0,660762329.48
2023-01-11,95.92,96.55,95.045,96.33,8744051.0,842314432.83
2023-01-12,98.5,100.63,97.5705,99.81,19764324.0,1972677178.44
2023-01-13,99.38,99.6,98.01,99.4,12230196.0,1215681482.4
2023-01-17,100.32,100.99,98.995,99.91,14914197.0,1490077422.27
2023-01-18,100.28,101.1299,98.7249,99.04,11384536.0,1127524445.44
2023-01-19,98.12,99.45,97.12,99.08,10973553.0,1087259631.24
2023-01-20,100.34,103.5865,99.3015,103.48,14549879.0,1505621478.92
2023-01-23,103.29,105.9541,102.9209,105.69,11479075.0,1213223436.75
2023-01-24,105.39,108.44,102.0,106.0,8606692.0,912309352.0
2023-01-25,104.96,108.16,104.18,108.12,10008035.0,1082068744.2
2023-01-26,108.17,109.76,107.5701,109.7,9204417.0,1009724544.9
2023-01-27,109.26,110.5823,109.16,109.54,10249678.0,1122749728.12
2023-01-30,108.26,108.97,107.48,107.59,8548547.0,919738171.73
2023-01-31,107.58,108.715,107.45,108.49,8251663.0,895222918.87
2023-02-01,108.5,109.94,106.9,109.39,9974481.0,1091108476.59
2023-02-02,110.67,113.53,109.6901,113.21,13093205.0,1482281738.05
2023-02-03,111.47,113.1412,110.37,110.71,12472478.0,1380828039.38
2023-02-06,110.17,110.43,108.53,109.87,11956540.0,1313665049.8
2023-02-07,109.295,112.12,108.86,111.63,10843984.0,1210513933.9199998
2023-02-08,112.2,113.33,110.29,111.78,27719920.0,3098532657.6
2023-02-09,118.04,118.18,109.8089,110.36,46137152.0,5091696094.72
2023-02-10,108.96,109.74,107.21,108.06,15565987.0,1682060555.22
2023-02-13,108.1,108.2874,106.55,107.66,12321984.0,1326584797.44
2023-02-14,106.82,108.44,105.8205,107.66,10768102.0,1159293861.32
2023-02-15,107.09,109.27,106.7,109.24,8163490.0,891779647.5999999
2023-02-16,107.55,108.02,105.7,105.83,9479922.0,1003260145.26
2023-02-17,105.03,105.8,103.88,105.22,9492184.0,998767600.48
2023-02-21,103.55,103.73,101.83,102.09,10648205.0,1087075248.45
2023-02-22,101.33,102.56,101.09,101.68,9885101.0,1005117069.68
2023-02-23,101.45,102.0499,99.605,101.73,10974753.0,1116461622.69
2023-02-24,99.53,100.43,98.96,100.3,8523000.0,854856900.0
2023-02-27,100.73,101.47,100.06,100.45,6641212.0,667109745.4
2023-02-28,100.45,100.75,99.57,99.61,8233743.0,820163140.23
2023-03-01,99.19,99.63,98.1,98.54,7898251.0,778293653.5400001
2023-03-02,97.74,99.29,97.42,98.92,7283130.0,720447219.6
2023-03-03,99.67,101.18,98.88,101.14,7434264.0,751901460.96
2023-03-06,101.61,102.695,100.49,100.66,6773261.0,681796452.26
2023-03-07,100.4,100.94,98.89,99.06,6951340.0,688599740.4
2023-03-08,99.0,99.62,98.3,99.3,5668738.0,562905683.4
2023-03-09,99.45,100.05,95.92,96.14,8263336.0,794437123.04
2023-03-10,95.6,95.9,92.83,93.57,13978845.0,1308000526.65
2023-03-13,91.885,94.0242,90.46,92.6,11915321.0,1103358724.6
2023-03-14,94.0,94.3,92.34,93.36,10323627.0,963813816.72
2023-03-15,91.63,93.3557,91.41,93.1,9543836.0,888531131.5999999
2023-03-16,92.67,94.5599,91.89,94.29,9946678.0,937872268.62
2023-03-17,94.05,94.27,92.91,93.2,12943192.0,1206305494.4
2023-03-20,93.43,94.92,93.0,94.22,6657152.0,627236861.4399999
2023-03-21,95.17,96.85,95.17,96.54,7285766.0,703367849.6400001
2023-03-22,97.45,97.93,94.82,94.9,8811105.0,836173864.5
2023-03-23,95.28,97.02,94.76,95.83,9527009.0,912973272.47
2023-03-24,94.81,95.0,93.02,94.08,9537154.0,897255448.3199999
2023-03-27,94.78,96.02,94.38,95.62,7487900.0,715992998.0
2023-03-28,95.51,96.0,94.59,94.82,5426053.0,514498345.46
2023-03-29,96.08,96.91,95.35,96.87,5889123.0,570479345.01
2023-03-30,98.73,98.92,97.67,98.1,7669482.0,752376184.1999999
2023-03-31,98.89,100.2,98.5,100.13,8919965.0,893156095.4499999
2023-04-03,100.21,100.43,99.27,99.76,7313201.0,729564931.76
2023-04-04,100.3,100.42,98.76,99.57,6794168.0,676495307.76
2023-04-05,99.7,100.18,98.632,99.91,7747230.0,774025749.3
2023-04-06,99.44,100.32,98.55,99.97,7042486.0,704037325.42
2023-04-10,99.3,100.81,98.9,100.81,8004576.0,806941306.5600001
2023-04-11,101.16,101.91,100.29,100.42,7504624.0,753614342.08
2023-04-12,101.25,102.22,97.7,97.94,9279196.0,908804456.24
2023-04-13,98.51,101.07,98.51,100.84,8744977.0,881843480.6800001
2023-04-14,100.5,100.86,98.93,99.9,7337250.0,732991275.0
2023-04-17,99.57,100.57,99.15,100.3,6705269.0,672538480.6999999
2023-04-18,100.61,101.15,99.595,100.93,8180148.0,825622337.6400001
2023-04-19,99.78,99.83,98.355,98.75,11429007.0,1128614441.25
2023-04-20,97.75,98.58,97.391,98.07,7762736.0,761291519.52
2023-04-21,98.16,99.72,97.72,99.57,9467979.0,942726669.03
2023-04-24,100.145,100.735,98.67,99.68,8540571.0,851324117.2800001
2023-04-25,99.375,99.71,98.01,98.01,6481394.0,635241425.94
2023-04-26,97.84,98.48,96.455,96.61,8609331.0,831747467.91
2023-04-27,97.13,100.065,96.71,99.93,8166466.0,816074947.3800001
2023-04-28,99.37,102.56,99.08,102.5,11329689.0,1161293122.5
2023-05-01,102.405,102.6087,101.605,102.21,6909535.0,706223572.3499999
2023-05-02,101.33,101.695,99.62,100.6,6955902.0,699763741.1999999
2023-05-03,101.06,102.58,100.64,100.86,7772064.0,783890375.04
2023-05-04,99.54,99.54,96.61,97.45,13260720.0,1292257164.0
2023-05-05,98.59,100.8461,98.11,100.52,9300109.0,934846956.68
2023-05-08,101.7,103.91,101.69,102.97,10810139.0,1113120012.83
2023-05-09,102.91,102.98,102.09,102.18,6829880.0,697877138.4000001
2023-05-10,103.0,103.25,100.04,101.14,19525153.0,1974773974.42
2023-05-11,94.8,95.11,91.88,92.31,57068422.0,5267986034.82
2023-05-12,92.34,92.88,91.24,91.99,21831450.0,2008275085.5
2023-05-15,91.54,92.87,90.7,92.86,16792049.0,1559309670.14
2023-05-16,92.04,92.415,90.78,90.98,17013309.0,1547870852.8200002
2023-05-17,91.02,93.05,90.85,92.77,12461594.0,1156062075.38
2023-05-18,92.845,94.24,92.46,93.76,15014823.0,1407789804.48
2023-05-19,93.0,93.0,91.315,91.35,16429040.0,1500792804.0
2023-05-22,91.33,91.935,89.89,91.82,14150642.0,1299311948.4399998
2023-05-23,91.1,92.03,89.805,89.82,14400799.0,1293479766.1799998
2023-05-24,89.44,89.49,88.41,89.07,15350772.0,1367293262.04
2023-05-25,89.56,89.56,87.79,88.14,13465760.0,1186872086.4
2023-05-26,88.49,89.24,88.1,88.29,12892702.0,1138296659.5800002
2023-05-30,88.97,88.97,87.01,87.82,14800733.0,1299800372.06
2023-05-31,87.58,88.17,87.15,87.96,11440577.0,1006313152.92
2023-06-01,88.4,89.055,87.11,88.59,11993172.0,1062475107.48
2023-06-02,89.63,91.34,89.6,90.77,14200246.0,1288956329.4199998
2023-06-05,91.2,91.76,89.44,91.0,19777158.0,1799721378.0
2023-06-06,91.1,92.51,91.02,92.16,12109084.0,1115973181.44
2023-06-07,92.78,93.08,91.86,92.52,11082425.0,1025345961.0
2023-06-08,92.52,92.68,91.3,92.53,9030165.0,835561167.45
2023-06-09,92.78,92.92,91.55,91.93,9634420.0,885692230.6
2023-06-12,92.25,93.225,91.77,93.14,12357611.0,1150987888.54
2023-06-13,94.12,94.44,93.44,93.85,12964433.0,1216712037.05
2023-06-14,94.26,94.52,91.92,92.45,15877377.0,1467863503.65
2023-06-15,92.06,93.52,91.61,92.94,13354606.0,1241177081.64
2023-06-16,92.88,92.97,90.86,91.32,22659535.0,2069268736.2
2023-06-20,90.29,90.78,89.74,89.75,14939188.0,1340792123.0
2023-06-21,89.55,89.67,88.11,88.64,17872964.0,1584259528.96
2023-06-22,88.44,89.19,88.12,88.49,10915328.0,965897374.72
2023-06-23,88.015,88.395,87.61,88.1,13538013.0,1192698945.3
2023-06-26,88.04,89.4899,87.77,88.7,13132684.0,1164869070.8
2023-06-27,88.9,89.66,88.49,89.06,10032653.0,893508076.1800001
2023-06-28,89.39,89.4,88.525,88.83,12118274.0,1076466279.42
2023-06-29,87.8,89.12,87.34,88.95,13402579.0,1192159402.05
2023-06-30,89.18,89.6,88.605,89.28,12837549.0,1146136374.72
2023-07-03,89.115,90.95,88.91,90.5,7979547.0,722149003.5
2023-07-05,90.11,90.3898,89.25,89.79,11028782.0,990274335.78
2023-07-06,88.67,88.83,87.78,88.74,12106032.0,1074289279.6799998
2023-07-07,88.31,89.73,88.08,88.64,9705123.0,860262102.72
2023-07-10,88.25,88.68,87.855,88.1,13642620.0,1201914822.0
2023-07-11,88.195,89.59,88.15,89.49,13735507.0,1229190521.4299998
2023-07-12,90.11,90.7099,89.57,90.15,14912079.0,1344323921.85
2023-07-13,90.55,90.81,89.0805,90.47,15325522.0,1386499975.34
2023-07-14,90.41,90.49,88.4211,88.62,17769989.0,1574776425.18
2023-07-17,88.42,88.49,85.3,85.56,34446444.0,2947237748.64
2023-07-18,85.51,87.3,85.31,85.95,21915527.0,1883639545.65
2023-07-19,86.2,87.89,86.19,87.04,17177010.0,1495086950.4
2023-07-20,86.84,87.178,86.03,86.21,15277532.0,1317076033.7199998
2023-07-21,86.295,87.9,85.88,87.18,19881761.0,1733291923.98
2023-07-24,87.49,87.96,86.5501,86.6,13912001.0,1204779286.6
2023-07-25,85.73,86.31,85.16,85.63,15335411.0,1313171243.9299998
2023-07-26,85.67,86.27,85.45,85.86,14983702.0,1286500653.72
2023-07-27,86.6,86.88,85.19,85.36,16691368.0,1424775172.48
2023-07-28,85.86,86.58,85.445,86.13,13638332.0,1174669535.1599998
2023-07-31,87.0,89.36,86.88,88.89,20815286.0,1850270772.54
2023-08-01,89.12,89.73,88.46,89.03,13745084.0,1223724828.52
2023-08-02,88.26,88.33,86.26,86.3,15162662.0,1308537730.6
2023-08-03,85.82,86.46,85.45,85.49,13994137.0,1196358772.13
2023-08-04,85.94,87.108,85.45,86.3,11533906.0,995376087.8
2023-08-07,86.66,87.23,85.99,86.83,10818366.0,939358719.78
2023-08-08,86.5,88.33,86.1,88.13,16767893.0,1477754410.09
2023-08-09,89.2,89.56,87.04,87.49,32517915.0,2844992383.35
2023-08-10,89.97,92.53,87.75,91.76,56716750.0,5204328980.0
2023-08-11,91.32,91.35,88.86,89.02,21998920.0,1958343858.4
2023-08-14,88.99,89.3,87.99,88.81,13676384.0,1214599663.04
2023-08-15,87.99,88.23,86.89,87.06,13677866.0,1190795013.96
2023-08-16,86.54,87.06,86.08,86.35,12179317.0,1051684022.95
2023-08-17,86.92,86.96,85.8,85.92,14206015.0,1220580808.8
2023-08-18,85.37,86.72,85.37,85.96,12364388.0,1062842792.48
2023-08-21,85.81,86.25,85.4094,85.88,10567986.0,907578637.68
2023-08-22,85.71,86.0911,85.37,85.79,9795152.0,840326090.08
2023-08-23,85.81,86.325,85.635,85.83,7575953.0,650244045.99
2023-08-24,85.51,85.95,82.46,82.47,27531021.0,2270483301.87
2023-08-25,83.07,83.65,82.46,83.36,16050882.0,1338001523.52
2023-08-28,83.83,84.685,83.53,84.16,12166436.0,1023927253.76
2023-08-29,83.79,84.545,83.73,84.4,11210669.0,946180463.6
2023-08-30,84.4,84.68,83.83,84.28,11800643.0,994558192.04
2023-08-31,84.46,84.61,83.64,83.68,10421960.0,872109612.8000001
2023-09-01,82.105,82.23,80.53,81.64,27701889.0,2261582217.96
2023-09-05,81.42,82.385,81.175,81.19,12741682.0,1034497161.58
2023-09-06,80.79,82.09,80.53,80.98,15518544.0,1256691693.12
2023-09-07,80.82,80.85,79.75,80.57,14731972.0,1186954984.04
2023-09-08,80.54,81.67,80.17,81.58,16233621.0,1324338801.18
2023-09-11,81.94,83.85,81.17,82.52,26579061.0,2193304113.72
2023-09-12,83.03,84.67,82.57,83.68,16594608.0,1388636797.44
2023-09-13,83.35,84.045,83.12,83.48,9772692.0,815824328.1600001
2023-09-14,84.0,84.74,83.04,84.48,22371918.0,1889979632.64
2023-09-15,85.22,86.19,84.61,85.58,21631240.0,1851201519.2
2023-09-18,85.24,85.92,84.98,85.02,11894183.0,1011243438.66
2023-09-19,83.915,84.79,81.71,81.94,21478915.0,1759982295.1
2023-09-20,82.03,83.2,81.64,82.56,12715167.0,1049764187.52
2023-09-21,82.06,83.67,81.92,82.73,14378025.0,1189494008.25
2023-09-22,82.91,83.35,81.2,81.25,11495300.0,933993125.0
2023-09-25,81.56,81.77,80.5638,81.01,11034439.0,893899903.3900001
2023-09-26,80.5,80.735,79.79,80.05,13167862.0,1054087353.1
2023-09-27,80.12,80.56,79.215,79.9,14662506.0,1171534229.4
2023-09-28,80.28,80.92,79.6514,80.13,12229820.0,979975476.6
2023-09-29,80.66,81.33,80.41,81.05,11261366.0,912733714.3
2023-10-02,80.92,81.77,80.79,81.67,9128074.0,745489803.58
2023-10-03,81.25,81.89,79.46,79.54,12586235.0,1001109131.9
2023-10-04,79.61,79.794,78.7309,79.32,12010508.0,952673494.56
2023-10-05,79.1,80.94,78.88,80.81,15466571.0,1249853602.51
2023-10-06,81.05,83.53,80.49,82.94,15391073.0,1276535594.62
2023-10-09,84.3,84.88,83.13,84.7,13604405.0,1152293103.5
2023-10-10,84.79,85.285,83.93,84.99,9450609.0,803207258.91
2023-10-11,85.37,85.72,84.255,84.85,9499170.0,806004574.5
2023-10-12,84.83,85.065,83.51,84.35,9554881.0,805954212.3499999
2023-10-13,83.94,84.58,83.3841,84.35,10805294.0,911426548.9
2023-10-16,84.31,85.925,84.31,85.71,10275144.0,880682592.2399999
2023-10-17,85.345,86.285,85.31,86.2,9985651.0,860763116.2
2023-10-18,85.69,86.26,84.6,84.68,10043419.0,850476720.9200001
2023-10-19,85.26,85.27,83.17,83.25,14316809.0,1191874349.25
2023-10-20,82.9,83.44,82.61,82.65,10436993.0,862617471.45
2023-10-23,82.08,84.025,80.91,83.1,10772524.0,895196744.4
2023-10-24,83.41,84.1997,81.74,82.56,11499469.0,949396160.64
2023-10-25,82.13,82.55,80.515,80.59,9372522.0,755331547.98
2023-10-26,80.08,80.61,79.42,79.78,11650989.0,929515902.42
2023-10-27,79.75,81.025,79.23,79.33,10300556.0,817143107.48
2023-10-30,79.72,80.93,79.53,80.68,10291195.0,830293612.6
2023-10-31,80.69,81.665,80.33,81.59,8672234.0,707567572.0600001
2023-11-01,81.53,81.58,80.18,81.07,9092974.0,737167402.18
2023-11-02,81.85,83.3,81.82,83.29,11518450.0,959371700.5
2023-11-03,84.17,85.93,84.16,85.07,11331778.0,963994354.46
2023-11-06,85.08,85.8,83.59,84.02,14158472.0,1189594817.44
2023-11-07,84.155,84.68,83.95,84.59,10540204.0,891595856.36
2023-11-08,84.14,84.92,83.95,84.5,26937700.0,2276235650.0
2023-11-09,87.84,91.21,87.6,90.34,51062704.0,4613004679.360001
2023-11-10,90.13,90.16,86.935,88.27,25171281.0,2221868973.87
2023-11-13,88.42,89.9,87.4051,89.44,12834443.0,1147912581.92
2023-11-14,90.03,91.5417,89.99,91.07,13052029.0,1188648281.03
2023-11-15,92.99,94.565,92.74,93.93,20593054.0,1934305562.22
2023-11-16,93.89,94.61,93.63,94.51,12923919.0,1221439584.69
2023-11-17,94.75,95.377,93.92,94.15,12201304.0,1148752771.6
2023-11-20,93.98,95.585,93.87,95.03,14114766.0,1341326212.98
2023-11-21,94.73,94.96,93.96,94.45,7654843.0,722999921.35
2023-11-22,94.91,95.7061,94.76,95.07,7330932.0,696951705.24
2023-11-24,94.9,96.51,94.9,96.06,5440468.0,522611356.08
2023-11-27,95.74,95.74,94.515,95.17,11049470.0,1051578059.9
2023-11-28,95.0,95.14,92.445,92.5,18660305.0,1726078212.5
2023-11-29,92.6,93.24,91.44,92.5,13857038.0,1281776015.0
2023-11-30,93.55,93.86,92.2,92.69,13396699.0,1241740030.31
2023-12-01,92.74,92.84,91.77,92.58,11898169.0,1101532486.02
2023-12-04,91.9,92.41,91.61,92.01,12602805.0,1159584088.05
2023-12-05,91.61,91.78,89.931,90.79,12332688.0,1119684743.52
2023-12-06,91.11,92.545,90.62,91.5,10462040.0,957276660.0
2023-12-07,91.8,93.39,91.65,92.35,10264684.0,947943567.4
2023-12-08,92.055,93.54,92.055,92.82,9498155.0,881618747.0999999
2023-12-11,92.73,93.08,91.97,92.2,10810961.0,996770604.2
2023-12-12,92.12,92.2,90.8614,91.07,13218428.0,1203802237.9599998
2023-12-13,91.17,92.87,90.78,92.83,10173236.0,944381497.88
2023-12-14,93.21,94.83,93.21,93.94,12439334.0,1168551035.96
2023-12-15,93.05,93.948,92.93,93.46,17551598.0,1640372349.08
2023-12-18,92.7,93.71,92.7,92.86,9083570.0,843500310.2
2023-12-19,92.64,93.99,92.61,93.93,8802762.0,826843434.6600001
2023-12-20,93.24,94.27,91.25,91.27,13060571.0,1192038315.1699998
2023-12-21,91.93,92.08,91.06,92.02,13010978.0,1197270195.56
2023-12-22,91.62,92.24,90.75,91.02,9419816.0,857391652.3199999
2023-12-26,90.84,91.2681,90.6,90.95,8086935.0,735506738.25
2023-12-27,90.91,90.9393,90.04,90.38,11123508.0,1005342653.04
2023-12-28,90.09,90.9799,89.97,90.4,8479648.0,766560179.2
2023-12-29,90.12,90.6,89.86,90.29,9210954.0,831657036.6600001
2024-01-02,90.1,91.475,89.7304,90.71,10566634.0,958499370.14
2024-01-03,90.23,92.08,90.0,91.65,11929768.0,1093363237.2
2024-01-04,91.94,91.94,90.0,90.56,12087430.0,1094637660.8
2024-01-05,90.41,91.32,90.355,90.9,9092069.0,826469072.1
2024-01-08,91.55,91.94,91.0,91.55,11103717.0,1016545291.35
2024-01-09,91.05,91.1,89.602,89.67,11255050.0,1009240333.5
2024-01-10,89.82,89.82,88.88,89.29,15091574.0,1347526642.46
2024-01-11,89.39,89.7798,88.685,89.45,9642176.0,862492643.2
2024-01-12,89.65,90.83,89.65,90.35,11919448.0,1076922126.8
2024-01-16,90.29,93.09,89.455,93.05,16780869.0,1561459860.45
2024-01-17,92.575,93.76,90.1,90.34,15735217.0,1421519503.78
2024-01-18,90.655,92.51,90.405,92.21,12203197.0,1125256795.37
2024-01-19,92.32,93.58,91.63,93.06,19761081.0,1838966197.86
2024-01-22,92.87,95.23,92.87,95.08,15119379.0,1437550555.32
2024-01-23,95.43,95.89,93.175,93.77,11559411.0,1083925969.47
2024-01-24,94.42,95.25,93.255,93.5,10454904.0,977533524.0
2024-01-25,93.92,94.94,93.75,94.86,8661572.0,821636719.92
2024-01-26,95.0,95.53,94.7,95.36,7812755.0,745024316.8
2024-01-29,95.42,97.5,95.0,97.49,13422221.0,1308532325.29
2024-01-30,96.52,97.54,96.01,96.94,9133614.0,885412541.16
2024-01-31,96.42,97.57,95.8114,96.05,9592304.0,921340799.2
2024-02-01,96.37,97.93,95.9,97.06,8484801.0,823534785.0600001
2024-02-02,96.28,97.41,95.82,97.13,9321343.0,905382045.59
2024-02-05,96.7,97.37,96.49,96.65,11679341.0,1128808307.65
2024-02-06,96.92,99.32,96.79,99.29,16498476.0,1638133682.0400002
2024-02-07,97.39,99.28,96.64,99.14,28844132.0,2859607246.48
2024-02-08,107.08,112.77,106.8,110.54,60558410.0,6694126641.400001
2024-02-09,109.6,110.15,107.69,108.39,21503486.0,2330762847.54
2024-02-12,107.88,111.0599,107.83,109.29,13418955.0,1466557591.95
2024-02-13,108.28,110.65,108.21,110.46,14564603.0,1608806047.38
2024-02-14,110.58,111.68,109.67,111.56,11405491.0,1272396575.96
2024-02-15,111.08,112.92,111.08,112.45,9961907.0,1120216442.15
2024-02-16,112.02,112.56,111.16,111.6,8782223.0,980096086.8
2024-02-20,110.85,111.128,109.35,109.44,9770911.0,1069328499.84
2024-02-21,108.48,109.22,107.235,107.67,10151428.0,1093004252.76
2024-02-22,107.99,108.49,107.405,107.64,9266195.0,997413229.8
2024-02-23,107.57,108.0,105.83,107.74,11723352.0,1263073944.48
2024-02-26,107.52,108.76,107.38,107.68,8694150.0,936186072.0
2024-02-27,107.78,109.58,107.78,109.42,7594956.0,831040085.52
2024-02-28,108.78,111.04,108.661,110.8,10773048.0,1193653718.4
2024-02-29,111.14,112.75,110.97,111.58,11658288.0,1300831775.04
2024-03-01,111.44,112.145,111.03,111.95,7242396.0,810786232.2
2024-03-04,112.67,114.13,111.8,113.69,11558852.0,1314125883.88
2024-03-05,113.61,115.19,112.27,112.87,14929579.0,1685101581.73
2024-03-06,113.08,113.3,109.25,110.06,14743882.0,1622711652.92
2024-03-07,110.7,111.08,109.2,110.18,8609290.0,948571572.2
2024-03-08,110.18,111.31,109.34,110.32,10009185.0,1104213289.2
2024-03-11,110.09,112.91,110.03,112.31,8794307.0,987688619.17
2024-03-12,112.515,112.95,111.64,112.46,8084958.0,909234376.68
2024-03-13,112.74,114.13,112.435,112.5,7267902.0,817638975.0
2024-03-14,111.74,112.35,109.51,112.06,10520462.0,1178922971.72
2024-03-15,111.6,112.96,111.4,111.95,15350181.0,1718452762.95
2024-03-18,112.29,114.43,112.29,113.85,11820763.0,1345793867.55
2024-03-19,113.41,115.17,113.2431,114.51,10999744.0,1259580685.44
2024-03-20,114.61,116.51,114.36,116.46,11699645.0,1362540656.6999998
2024-03-21,116.99,117.36,115.86,116.7,10306145.0,1202727121.5
2024-03-22,116.92,117.66,115.84,115.87,7144785.0,827866237.95
2024-03-25,116.97,119.41,116.87,119.36,12103553.0,1444680086.08
2024-03-26,119.63,120.4,118.19,119.93,11870043.0,1423574256.99
2024-03-27,120.955,122.0262,120.0201,120.98,10782835.0,1304507378.3
2024-03-28,121.25,123.74,121.2,122.36,15367421.0,1880357633.56
2024-04-01,122.06,122.3999,120.78,121.53,8379027.0,1018303151.31
2024-04-02,120.22,123.53,120.16,122.82,15517067.0,1905806168.94
2024-04-03,122.27,123.6902,118.38,118.98,22471185.0,2673621591.3
2024-04-04,119.22,120.19,116.96,117.09,13799399.0,1615771628.91
2024-04-05,116.6,118.86,116.3,118.38,9653915.0,1142830457.7
2024-04-08,118.02,118.52,116.82,117.35,6266011.0,735316390.85
2024-04-09,117.38,118.51,116.89,117.97,7455367.0,879509644.99
2024-04-10,116.6,117.56,116.37,117.19,6746282.0,790596787.58
2024-04-11,117.59,118.28,116.37,117.15,6559411.0,768434998.6500001
2024-04-12,116.39,116.7,113.73,114.01,12155166.0,1385810475.66
2024-04-15,114.875,115.55,112.77,112.95,9637095.0,1088509880.25
2024-04-16,112.82,114.5,112.52,113.88,9279119.0,1056706071.72
2024-04-17,114.0,114.21,112.89,112.94,7378993.0,833383469.42
2024-04-18,113.18,114.25,112.19,112.43,8235636.0,925932555.48
2024-04-19,111.72,112.715,111.08,112.61,9436023.0,1062590550.03
2024-04-22,113.1,113.64,111.75,111.99,6901689.0,772920151.11
2024-04-23,112.83,114.24,112.8,113.71,6839318.0,777698849.78
2024-04-24,113.14,114.18,113.14,113.92,6157230.0,701431641.6
2024-04-25,111.22,112.89,110.39,112.77,8037906.0,906434659.62
2024-04-26,111.85,113.0218,111.32,112.73,6289093.0,708969453.89
2024-04-29,113.04,113.88,110.34,112.08,7169209.0,803524944.72
2024-04-30,112.0,112.04,110.8,111.1,8156575.0,906195482.5
2024-05-01,111.29,111.99,110.21,110.48,6346109.0,701118122.32
2024-05-02,111.43,112.87,110.56,112.62,6799805.0,765794039.1
2024-05-03,113.54,114.11,112.7996,113.66,7411112.0,842346989.92
2024-05-06,114.8,116.94,114.15,116.47,16293234.0,1897672963.98
2024-05-07,107.25,107.88,104.21,105.39,55084617.0,5805367785.63
2024-05-08,104.9,106.48,104.44,105.44,15083011.0,1590352679.84
2024-05-09,104.62,106.13,104.39,105.8,15095970.0,1597153626.0
2024-05-10,106.92,107.02,105.42,105.79,15876174.0,1679540447.46
2024-05-13,105.59,106.6408,105.59,105.83,9666409.0,1022996064.47
2024-05-14,105.3,105.99,104.95,105.35,11278423.0,1188181863.05
2024-05-15,105.62,105.88,101.39,102.77,20745621.0,2132027470.17
2024-05-16,103.04,104.03,102.84,103.37,9459186.0,977796056.82
2024-05-17,103.63,103.82,103.04,103.25,7355999.0,759506896.75
2024-05-20,103.33,103.67,102.52,102.9,7667435.0,788979061.5
2024-05-21,102.99,103.6999,102.72,103.01,7333306.0,755403851.0600001
2024-05-22,102.98,103.83,102.745,103.02,7190343.0,740749135.86
2024-05-23,102.98,103.01,100.27,100.66,10493493.0,1056275005.38
2024-05-24,100.85,102.09,100.69,101.76,6451579.0,656512679.0400001
2024-05-28,101.36,102.8599,100.945,102.44,7813094.0,800373349.36
2024-05-29,101.76,102.08,100.77,100.88,7376258.0,744116907.04
2024-05-30,101.135,102.07,100.97,101.7,7243708.0,736685103.6
2024-05-31,101.52,104.08,101.41,103.91,14735791.0,1531196042.81
2024-06-03,104.17,104.22,102.48,102.77,6908604.0,709997233.0799999
2024-06-04,102.105,103.49,101.63,103.33,7269109.0,751117032.97
2024-06-05,103.0,103.08,101.0299,101.5,10796877.0,1095883015.5
2024-06-06,101.05,101.93,100.8101,101.21,10294705.0,1041927093.05
2024-06-07,100.86,102.27,100.552,101.54,6047828.0,614096455.12
2024-06-10,101.25,102.845,100.635,102.74,7633073.0,784221920.02
2024-06-11,102.64,102.88,100.74,100.87,9134218.0,921368569.66
2024-06-12,101.2,101.69,100.25,100.8,9041768.0,911410214.4
2024-06-13,100.61,101.07,99.605,100.09,10164570.0,1017371811.3
2024-06-14,99.81,100.38,99.25,99.97,7087573.0,708544672.81
2024-06-17,100.98,101.92,100.62,101.52,10388986.0,1054689858.72
2024-06-18,101.12,101.76,100.61,101.5,7044674.0,715034411.0
2024-06-20,100.57,101.935,100.38,101.84,7886934.0,803205358.5600001
2024-06-21,101.795,102.54,101.585,102.27,14144918.0,1446600763.86
2024-06-24,102.25,103.08,101.91,101.98,7393608.0,754000143.84
2024-06-25,102.66,103.677,101.77,102.2,10343709.0,1057127059.8
2024-06-26,101.9,102.37,101.43,102.18,10122311.0,1034297737.98
2024-06-27,102.04,102.28,101.81,102.17,8365165.0,854668908.0500001
2024-06-28,102.02,102.58,98.38,99.29,21439416.0,2128719614.64
2024-07-01,99.4,99.74,97.88,98.04,15048971.0,1475401116.8400002
2024-07-02,97.935,97.99,96.95,97.99,13340320.0,1307217956.8
2024-07-03,97.84,99.08,97.83,98.61,5029969.0,496005243.09
2024-07-05,98.305,98.305,97.584,97.99,8550759.0,837888874.41
2024-07-08,97.69,98.29,96.89,97.37,8167589.0,795278140.9300001
2024-07-09,97.47,97.53,96.15,97.05,9048576.0,878164300.8
2024-07-10,96.95,97.2799,96.25,96.97,7761123.0,752596097.31
2024-07-11,97.01,97.58,96.3,96.6,7432590.0,717988194.0
2024-07-12,97.095,97.83,96.98,97.13,6465736.0,628016937.68
2024-07-15,97.33,97.49,96.6,96.87,7417699.0,718552502.13
2024-07-16,97.02,98.72,96.54,98.47,10755508.0,1059094872.76
2024-07-17,98.3,98.61,96.53,97.31,9306087.0,905575325.97
2024-07-18,97.36,98.06,96.675,96.79,7529378.0,728768496.62
2024-07-19,96.82,96.82,95.44,95.74,9300963.0,890474197.62
2024-07-22,95.11,95.155,93.49,94.13,13157038.0,1238471986.94
2024-07-23,90.7,91.69,89.83,90.94,22534730.0,2049308346.2
2024-07-24,90.22,90.75,89.575,89.8,11768547.0,1056815520.6
2024-07-25,90.08,90.5,89.21,89.21,10765285.0,960371074.85
2024-07-26,90.0,90.55,89.335,89.93,11301857.0,1016376000.01
2024-07-29,90.39,92.55,90.19,92.14,13024847.0,1200109402.58
2024-07-30,91.67,94.04,91.67,93.79,9895304.0,928080562.16
2024-07-31,93.785,94.835,93.64,93.69,10241834.0,959557427.46
2024-08-01,93.86,93.95,92.6,93.05,9263596.0,861977607.8
2024-08-02,92.16,92.2,89.0,89.57,15433552.0,1382383252.64
2024-08-05,86.89,89.56,86.42,87.78,19089558.0,1675681401.24
2024-08-06,88.23,91.91,87.96,89.97,21717509.0,1953924284.73
2024-08-07,88.0,89.2447,85.75,85.96,30581926.0,2628822358.96
2024-08-08,85.15,86.33,83.91,85.96,21890474.0,1881705145.04
2024-08-09,86.13,86.25,84.71,86.21,15976896.0,1377368204.1599998
2024-08-12,85.86,86.38,85.48,85.95,11754596.0,1010307526.2
2024-08-13,86.46,86.46,85.31,85.6,14615212.0,1251062147.1999998
2024-08-14,86.01,86.54,85.56,86.3,9475119.0,817702769.6999999
2024-08-15,87.25,88.925,87.21,88.79,12400986.0,1101083546.94
2024-08-16,88.96,89.67,88.34,89.3,10277743.0,917802449.9
2024-08-19,89.41,90.95,89.41,90.82,9723589.0,883096352.9799999
2024-08-20,90.39,90.67,89.31,89.74,8863436.0,795404746.64
2024-08-21,90.22,90.78,89.43,90.72,7637566.0,692879987.52
2024-08-22,90.99,91.3757,89.695,89.92,7613030.0,684563657.6
2024-08-23,90.15,90.75,89.68,90.56,7369239.0,667358283.84
2024-08-26,90.92,91.8,90.92,91.78,8043757.0,738256017.46
2024-08-27,91.43,91.72,90.75,90.9,7237353.0,657875387.7
2024-08-28,90.33,90.6247,88.76,89.49,8569690.0,766901558.0999999
2024-08-29,90.45,90.7,89.63,89.81,6181750.0,555182967.5
2024-08-30,89.98,90.45,89.4001,90.38,8377232.0,757134228.16
2024-09-03,89.605,90.4877,88.535,89.13,8465469.0,754527251.9699999
2024-09-04,88.95,90.0201,88.82,89.25,6317221.0,563811974.25
2024-09-05,89.665,89.665,88.34,88.65,6234114.0,552654206.1
2024-09-06,88.45,89.09,87.72,87.94,7788503.0,684920953.8199999
2024-09-09,88.22,88.885,87.81,88.34,8750247.0,772996819.98
2024-09-10,88.33,88.89,87.98,88.4,6858313.0,606274869.2
2024-09-11,88.05,88.43,86.59,88.32,10779000.0,952001280.0
2024-09-12,88.22,89.3289,88.18,89.3,7172459.0,640500588.6999999
2024-09-13,89.45,90.72,89.39,90.55,7080639.0,641151861.4499999
2024-09-16,91.1,92.37,90.95,91.85,9028572.0,829274338.1999999
2024-09-17,92.37,93.25,92.17,92.86,8193075.0,760808944.5
2024-09-18,93.52,94.07,92.69,93.58,10289766.0,962916302.28
2024-09-19,94.82,95.29,93.32,93.45,10912446.0,1019768078.7
2024-09-20,93.2,94.01,92.82,93.75,19242437.0,1803978468.75
2024-09-23,93.695,93.7,92.16,92.97,7338661.0,682275313.17
2024-09-24,93.34,93.79,92.46,93.69,7860272.0,736428883.68
2024-09-25,93.64,94.44,93.352,93.92,8408242.0,789702088.64
2024-09-26,94.46,95.785,94.175,95.2,10061553.0,957859845.6
2024-09-27,95.485,96.9,95.28,96.01,10155420.0,975021874.2
2024-09-30,96.85,97.57,95.44,96.19,7988690.0,768432091.1
2024-10-01,95.19,95.85,93.3201,94.05,10099234.0,949832957.7
2024-10-02,93.59,94.58,93.59,94.15,6144176.0,578474170.4
2024-10-03,93.61,94.09,93.1306,93.63,6180349.0,578666076.87
2024-10-04,94.3,95.34,93.89,95.15,6317333.0,601094234.95
2024-10-07,95.09,95.14,91.76,92.39,11043614.0,1020319497.46
2024-10-08,92.515,93.74,91.69,92.51,10175756.0,941359187.56
2024-10-09,91.86,94.01,91.46,93.6,8654470.0,810058392.0
2024-10-10,93.72,93.88,92.69,92.99,6698039.0,622850646.61
2024-10-11,92.85,94.61,92.8,94.13,8089133.0,761430089.29
2024-10-14,94.18,95.19,93.8,94.97,6261964.0,594698721.08
2024-10-15,95.25,95.65,93.68,94.22,6535756.0,615798930.3199999
2024-10-16,93.73,96.79,93.63,96.75,9936286.0,961335670.5
2024-10-17,96.93,97.33,95.61,96.54,9542501.0,921233046.54
2024-10-18,97.01,97.54,96.05,97.28,8609692.0,837550837.76
2024-10-21,97.2,97.45,95.95,96.62,8189949.0,791312872.38
2024-10-22,96.2,97.255,96.2,96.74,5344307.0,517008259.17999995
2024-10-23,96.93,97.1378,95.985,96.24,5361001.0,515942736.2399999
2024-10-24,96.6,96.8,95.2515,95.4,5015263.0,478456090.2000001
2024-10-25,95.81,96.853632,95.01,95.03,6638148.0,630823204.44
2024-10-28,95.22,96.685,95.21,96.2,8146379.0,783681659.8000001
2024-10-29,96.26,96.62,95.675,96.13,6315939.0,607151216.0699999
2024-10-30,95.7,96.71,94.94,95.08,7718201.0,733846551.08
2024-10-31,95.27,96.63,95.0,96.2,8147709.0,783809605.8000001
2024-11-01,95.7,96.39,94.83,95.81,7944869.0,761197898.89
2024-11-04,95.825,96.0188,95.03,95.79,6088036.0,583172968.44
2024-11-05,95.6,96.67,95.25,96.63,6561725.0,634059486.75
2024-11-06,98.21,99.55,98.21,98.89,11325086.0,1119937754.54
2024-11-07,98.78,99.52,98.13,98.93,7805138.0,772162302.34
2024-11-08,98.73,99.26,97.61,99.02,7982113.0,790388829.26
2024-11-11,99.0,100.9,99.0,100.86,9137854.0,921643954.44
2024-11-12,100.55,101.29,99.5,100.99,9366216.0,945894153.84
2024-11-13,100.785,103.2,100.35,102.72,17701277.0,1818275173.44
2024-11-14,110.33,114.81,108.4,109.12,47436052.0,5176221994.24
2024-11-15,110.25,115.19,110.25,115.08,32048032.0,3688087522.56
2024-11-18,113.33,115.435,112.89,113.54,14236555.0,1616418454.7
2024-11-19,112.05,112.5,110.82,112.42,12166783.0,1367789744.86
2024-11-20,112.26,114.37,111.47,114.26,9319270.0,1064819790.2
2024-11-21,114.15,116.25,113.8343,114.72,10260983.0,1177139969.76
2024-11-22,113.85,116.34,113.6,115.65,10053863.0,1162729255.95
2024-11-25,115.68,116.5798,114.932,116.0,10397808.0,1206145728.0
2024-11-26,116.0,116.42,115.44,115.45,6808149.0,786000802.0500001
2024-11-27,115.445,118.1998,115.445,117.6,8142388.0,957544828.8
2024-11-29,117.255,117.74,116.73,117.47,5095150.0,598527270.5
2024-12-02,117.78,118.63,116.55,117.16,8372465.0,980917999.4
2024-12-03,117.0,117.23,115.45,116.45,9193973.0,1070638155.85
2024-12-04,115.97,117.29,115.84,116.99,7996244.0,935480585.56
2024-12-05,116.55,117.27,116.06,116.5,9423556.0,1097844274.0
2024-12-06,116.55,117.26,116.22,116.73,6668906.0,778461397.38
2024-12-09,116.385,117.18,113.91,114.61,8666121.0,993224127.81
2024-12-10,114.65,114.95,113.72,114.73,7526428.0,863507084.44
2024-12-11,114.635,115.05,113.98,114.61,6426831.0,736579100.91
2024-12-12,114.7,115.01,114.16,114.9,5285116.0,607259828.4
2024-12-13,114.322,114.96,113.3,113.34,6864475.0,778019596.5
2024-12-16,113.0,113.067,111.73,112.11,10528533.0,1180353834.63
2024-12-17,111.025,114.04,110.8,113.02,12238619.0,1383208719.38
2024-12-18,113.34,116.1184,111.24,111.35,12292778.0,1368800830.3
2024-12-19,111.66,112.91,111.25,111.37,9468516.0,1054508626.92
2024-12-20,110.61,112.97,110.43,112.03,17955325.0,2011535059.75
2024-12-23,111.61,111.85,110.31,111.4,6037212.0,672545416.8000001
2024-12-24,111.25,112.74,111.1924,112.56,2474994.0,278585324.64
2024-12-26,112.12,113.32,111.86,112.55,4782814.0,538305715.6999999
2024-12-27,111.82,112.12,110.86,111.55,4523820.0,504632121.0
2024-12-30,110.425,111.54,109.83,110.8,5716337.0,633370139.6
2024-12-31,110.78,111.59,110.67,111.35,4757538.0,529751856.2999999
2025-01-02,111.7,112.2,110.17,110.82,5676086.0,629023850.52
2025-01-03,111.37,111.535,110.18,111.16,5394318.0,599632388.88
2025-01-06,111.47,112.8537,110.87,111.05,6274419.0,696774229.9499999
2025-01-07,112.15,113.74,111.29,111.39,7878807.0,877620311.73
2025-01-08,111.0,111.11,108.64,109.76,7805312.0,856711045.12
2025-01-10,110.0,110.54,107.62,108.65,8835518.0,959979030.7
2025-01-13,107.93,108.61,106.72,108.08,6650232.0,718757074.56
2025-01-14,108.68,108.96,107.61,108.12,5501600.0,594832992.0
2025-01-15,109.17,109.6,107.99,108.18,6296861.0,681194422.98
2025-01-16,108.29,108.6,106.16,106.46,7872767.0,838134774.8199999
2025-01-17,106.83,107.74,106.54,107.02,7144263.0,764579026.26
2025-01-21,107.1,109.45,106.8,108.7,8642494.0,939439097.8
2025-01-22,109.55,109.55,108.23,108.81,8781705.0,955537321.05
2025-01-23,108.5,111.07,108.49,111.04,7608265.0,844821745.6
2025-01-24,111.155,113.39,110.63,112.16,8304478.0,931430252.48
2025-01-27,111.68,114.08,111.46,113.34,10176938.0,1153454152.92
2025-01-28,112.845,112.96,111.56,112.14,6516763.0,730789802.82
2025-01-29,113.495,114.3844,112.76,113.19,7607068.0,861044026.92
2025-01-30,114.085,115.18,113.12,113.43,6236187.0,707370691.4100001
2025-01-31,113.3,114.01,112.76,113.06,7797690.0,881606831.4
2025-02-03,111.35,114.6,110.86,114.0,8870666.0,1011255924.0
2025-02-04,113.8,114.655,112.51,113.3,13521149.0,1531946181.7
2025-02-05,115.7,118.59,110.23,110.54,23309982.0,2576685410.28
2025-02-06,111.88,112.68,109.15,112.09,12470787.0,1397850514.83
2025-02-07,111.61,112.55,110.8101,110.86,8669320.0,961080815.2
2025-02-10,111.14,111.38,108.69,109.28,8239512.0,900413871.36
2025-02-11,108.38,109.05,107.69,109.02,7456717.0,812931287.3399999
2025-02-12,108.25,109.525,107.75,109.23,6521246.0,712315700.58
2025-02-13,108.92,109.76,108.56,109.59,6553224.0,718167818.16
2025-02-14,109.86,110.51,109.5901,110.38,5964541.0,658366035.5799999
2025-02-18,109.775,109.92,108.71,109.56,8362898.0,916239104.88
2025-02-19,109.14,111.76,109.14,111.35,8452114.0,941142893.9
2025-02-20,111.24,111.52,109.375,110.55,5970106.0,659995218.3
2025-02-21,111.0,111.76,107.92,108.66,9082075.0,986858269.5
2025-02-24,108.84,111.555,108.65,111.2,7093298.0,788774737.6
2025-02-25,111.43,111.9,109.07,110.53,7288975.0,805650406.75
2025-02-26,110.055,113.25,110.055,111.83,7831584.0,875806038.72
2025-02-27,112.32,113.12,111.06,111.31,7854650.0,874301091.5
2025-02-28,111.46,113.99,111.0,113.8,14609401.0,1662549833.8
2025-03-03,114.07,115.55,112.0,112.79,7884746.0,889320501.34
2025-03-04,111.7,112.25,108.27,109.01,12658024.0,1379851196.24
2025-03-05,109.34,110.9383,108.22,109.31,9956143.0,1088305991.33
2025-03-06,108.38,108.83,105.0165,105.43,11618753.0,1224965128.79
2025-03-07,105.0,105.77,103.31,105.51,12715904.0,1341655031.04
2025-03-10,104.43,104.8,102.1104,103.08,10947073.0,1128424284.84
2025-03-11,99.79,101.04,97.45,97.9,16906005.0,1655097889.5
2025-03-12,98.68,99.49,96.38,98.76,11891787.0,1174432884.12
2025-03-13,97.77,98.65,95.925,96.87,11059480.0,1071331827.6
2025-03-14,97.44,99.0985,97.415,98.64,10199761.0,1006104425.04
2025-03-17,98.74,100.12,98.66,99.36,8332119.0,827879343.84
2025-03-18,99.27,99.725,98.475,99.35,6727404.0,668367587.4
2025-03-19,99.655,100.96,99.47,100.29,8614622.0,863960440.38
2025-03-20,99.57,100.05,98.64,98.86,7836515.0,774717872.9
2025-03-21,98.38,99.89,97.75,99.46,15089873.0,1500838768.58
2025-03-24,100.22,100.44,98.86,100.18,8224405.0,823920892.9000001
2025-03-25,100.65,101.76,100.405,101.61,7365249.0,748382950.89
2025-03-26,101.7,102.27,100.26,100.78,6307913.0,635711472.14
2025-03-27,100.71,101.03,99.58,100.45,6598776.0,662847049.2
2025-03-28,100.05,100.39,97.74,98.07,7679702.0,753148375.14
2025-03-31,96.83,98.85,95.7,98.7,10554041.0,1041683846.7
2025-04-01,98.32,98.59,96.84,97.68,8762675.0,855938094.0000001
2025-04-02,96.615,98.308,96.45,97.88,7959946.0,779119514.48
2025-04-03,94.51,94.78,88.605,88.84,19353389.0,1719355078.76
2025-04-04,86.0,87.54,83.08,83.53,22580894.0,1886182075.82
2025-04-07,80.99,86.63,80.1,83.3,20455994.0,1703984300.2
2025-04-08,85.95,86.95,80.85,81.72,14845638.0,1213185537.36
2025-04-09,81.29,92.25,81.19,91.44,24970930.0,2283341839.2
2025-04-10,88.92,89.01,83.07,85.23,16376962.0,1395808471.26
2025-04-11,85.11,85.6659,83.35,84.89,10204364.0,866248459.96
2025-04-14,85.83,86.45,84.03,84.66,10841307.0,917825050.62
2025-04-15,84.75,85.98,84.52,85.01,7840454.0,666516994.5400001
2025-04-16,84.28,84.8,82.0072,82.77,10144289.0,839642800.53
2025-04-17,83.37,85.78,83.36,84.81,14810894.0,1256111920.14
2025-04-21,84.91,85.23,82.98,84.0,14166825.0,1190013300.0
2025-04-22,85.01,86.56,84.6,86.09,9578470.0,824610482.3000001
2025-04-23,89.025,89.87,87.03,87.29,12089123.0,1055259546.67
2025-04-24,87.45,90.24,86.77,90.01,10301553.0,927242785.53
2025-04-25,90.07,90.34,89.07,90.28,7749630.0,699636596.4
2025-04-28,90.45,91.365,89.64,90.16,8491785.0,765619335.6
2025-04-29,89.83,91.655,89.76,91.17,6359924.0,579834271.08
2025-04-30,89.89,91.19,88.56,90.95,8474834.0,770786152.3000001
2025-05-01,91.265,91.61,90.36,90.81,7790638.0,707467836.78
2025-05-02,91.84,93.185,91.84,92.49,7594041.0,702372852.0899999
2025-05-05,89.7,93.075,89.61,92.11,10231010.0,942378331.1
2025-05-06,91.2,92.74,91.0,92.17,11839405.0,1091237958.85
2025-05-07,102.42,103.3099,100.1411,102.09,36174940.0,3693099624.6
2025-05-08,103.97,106.19,103.855,105.12,19265441.0,2025183157.92
2025-05-09,105.255,106.19,104.76,105.94,10438191.0,1105821954.54
2025-05-12,109.87,110.935,108.66,110.49,18366644.0,2029330495.56
2025-05-13,110.245,112.2,110.15,111.38,14076719.0,1567864962.22
2025-05-14,111.38,113.41,110.83,112.94,15352206.0,1733878145.64
2025-05-15,112.23,112.85,111.58,112.22,8322383.0,933937820.26
2025-05-16,111.915,113.44,111.42,113.42,10960998.0,1243196393.16
2025-05-19,112.12,112.99,111.9,112.66,7209681.0,812242661.4599999
2025-05-20,112.44,113.4,111.81,112.36,6433281.0,722843453.16
2025-05-21,111.692,112.485,110.13,110.46,10150618.0,1121237264.28
2025-05-22,109.975,111.7965,109.975,111.13,7903694.0,878337514.2199999
2025-05-23,109.6,110.345,108.78,109.72,8086103.0,887207221.16
2025-05-27,111.025,112.89,110.15,112.36,10201106.0,1146196270.16
2025-05-28,112.2,112.47,111.17,111.52,5787948.0,645471960.9599999
2025-05-29,112.01,112.26,110.52,112.02,9683748.0,1084773450.96
2025-05-30,112.005,113.35,111.3701,113.04,12881064.0,1456075474.5600002
2025-06-02,112.68,113.6,112.25,112.95,7546839.0,852415465.0500001
2025-06-03,112.725,114.69,112.52,113.6,9738804.0,1106328134.4
2025-06-04,113.855,114.05,112.9764,113.49,5614893.0,637234206.5699999
2025-06-05,113.73,114.34,111.8435,112.53,8550153.0,962148717.09
2025-06-06,113.36,114.22,113.21,113.9,5790664.0,659556629.6
2025-06-09,113.98,116.11,113.98,115.66,7960389.0,920698591.74
2025-06-10,115.525,120.5,115.525,118.73,18948440.0,2249748281.2000003
2025-06-11,118.38,119.545,117.65,119.52,10439186.0,1247691510.72
2025-06-12,118.87,119.39,117.66,118.61,7980313.0,946544924.93
2025-06-13,117.305,118.32,117.3,117.94,13204927.0,1557389090.38
2025-06-16,118.02,120.3416,117.87,119.48,9592056.0,1146058850.88
2025-06-17,118.99,119.33,117.645,118.13,9241183.0,1091660947.79
2025-06-18,117.88,118.75,116.84,117.86,8181181.0,964233992.66
2025-06-20,118.25,119.05,116.9,117.63,17180437.0,2020934804.31
2025-06-23,116.66,117.99,115.02,117.75,8347998.0,982976764.5
2025-06-24,117.75,119.08,117.75,118.65,8350221.0,990753721.65
2025-06-25,118.77,119.72,118.63,119.42,6976323.0,833112492.66
2025-06-26,119.98,121.67,119.68,121.46,10439595.0,1267993208.7
2025-06-27,121.85,122.94,121.4844,122.34,13435553.0,1643705554.02
2025-06-30,124.31,124.69,123.18,124.01,13456209.0,1668704478.0900002
2025-07-01,123.5,123.755,122.45,123.49,9815654.0,1212135112.46
2025-07-02,123.315,123.7,122.53,122.98,7317075.0,899853883.5
2025-07-03,123.065,124.24,122.9,124.0,4252295.0,527284580.0
2025-07-07,123.21,124.61,122.5788,123.16,7023455.0,865008717.8
2025-07-08,123.215,123.711,121.82,121.82,6622889.0,806800337.9799999
2025-07-09,121.835,122.35,120.61,120.61,6724923.0,811092963.03
2025-07-10,120.62,121.95,120.62,121.56,6893444.0,837967052.64
2025-07-11,120.64,121.2265,119.73,119.87,6112433.0,732697343.71
2025-07-14,119.775,120.5,119.6018,119.97,6853279.0,822187881.63
2025-07-15,120.23,120.23,118.88,118.98,7943647.0,945135120.06
2025-07-16,119.36,120.57,118.875,119.82,6747531.0,808489164.42
2025-07-17,119.75,122.39,119.75,122.21,9933689.0,1213996132.6899998
2025-07-18,121.965,122.16,120.29,121.42,9486785.0,1151885434.7
2025-07-21,121.07,121.9699,120.78,120.84,6392470.0,772466074.8000001
2025-07-22,120.75,121.43,120.56,121.06,5614473.0,679688101.38
2025-07-23,121.52,123.18,121.5,122.94,8258934.0,1015353345.96
2025-07-24,122.85,123.4,121.81,121.95,6702242.0,817338411.9
2025-07-25,122.255,122.45,120.87,121.47,5656575.0,687104165.25
2025-07-28,121.03,121.4,119.8889,120.37,6042152.0,727293836.24
2025-07-29,120.58,120.805,119.36,119.91,6283748.0,753484222.68
2025-07-30,119.95,120.5,119.175,119.54,5281457.0,631345369.7800001
2025-07-31,119.455,119.91,118.58,119.11,7235003.0,861761207.33
2025-08-01,117.585,117.8918,115.57,116.59,8637815.0,1007082850.85
2025-08-04,117.725,119.52,117.725,119.35,8845043.0,1055655882.05
2025-08-05,119.25,119.57,117.33,118.32,15365681.0,1818067375.92
2025-08-06,115.775,116.1224,112.2,115.17,22153696.0,2551441168.32
2025-08-07,115.75,116.4,111.82,112.88,15484435.0,1747883022.8
2025-08-08,113.3,114.292,112.02,112.43,9490971.0,1067069869.53
2025-08-11,112.91,113.15,111.54,112.55,8532602.0,960344355.1
2025-08-12,113.31,114.4,112.49,113.72,7275374.0,827355531.28
2025-08-13,114.23,117.23,114.15,116.64,9025741.0,1052762430.24
2025-08-14,115.48,116.71,114.62,116.31,6800884.0,791010818.04
2025-08-15,116.57,116.84,115.19,115.39,6768603.0,781029100.17
2025-08-18,115.19,117.005,115.16,116.55,5798370.0,675800023.5
2025-08-19,116.5,116.99,115.72,116.27,5913959.0,687616012.93
2025-08-20,116.075,117.89,116.0,117.04,7046680.0,824743427.2
2025-08-21,116.57,116.66,115.53,116.21,6337059.0,736429626.39
2025-08-22,117.585,119.775,117.125,118.86,7161725.0,851242633.5
2025-08-25,118.49,119.05,117.7,117.71,5424937.0,638569334.27
2025-08-26,117.43,118.375,117.16,117.65,5787377.0,680884904.0500001
2025-08-27,117.53,118.46,117.29,118.09,4377994.0,516997311.46
2025-08-28,118.1,118.37,116.61,117.64,5687698.0,669100792.72
2025-08-29,117.39,118.645,117.245,118.38,5212602.0,617067824.76
2025-09-02,117.02,118.28,115.9965,118.27,6015871.0,711497063.17
2025-09-03,117.83,118.62,116.35,117.38,6288650.0,738161737.0
2025-09-04,117.08,119.675,116.76,118.81,6949291.0,825645263.71
2025-09-05,118.91,119.78,117.7,117.91,6669126.0,786356646.66
2025-09-08,117.96,118.88,116.74,118.84,6450670.0,766597622.8000001
2025-09-09,118.525,119.05,117.22,117.37,5444265.0,638993383.0500001
2025-09-10,116.85,117.51,114.495,115.79,7484866.0,866672634.1400001
2025-09-11,115.45,117.165,114.63,117.08,8399064.0,983362413.12
2025-09-12,116.26,117.01,115.1,115.96,7640875.0,886035865.0
2025-09-15,116.11,116.75,115.0,115.62,7150935.0,826791104.7
2025-09-16,115.45,115.85,114.71,115.23,6844852.0,788732295.96
2025-09-17,115.24,116.66,115.22,116.1,7333899.0,851465673.9
2025-09-18,115.33,115.78,114.05,114.86,9460509.0,1086634063.74
2025-09-19,114.6,114.6,111.93,113.76,23398424.0,2661804714.24
2025-09-22,111.76,113.63,111.52,112.56,15479834.0,1742410115.04
2025-09-23,112.72,113.62,111.6,112.25,13145046.0,1475531413.5
2025-09-24,112.41,114.1499,112.2,113.43,8755235.0,993106306.05
2025-09-25,112.71,114.05,112.65,112.99,6365502.0,719238070.98
2025-09-26,113.13,113.57,112.76,113.47,6145725.0,697355415.75
2025-09-29,113.47,115.01,113.33,114.78,9304136.0,1067928730.08
2025-09-30,114.53,114.88,113.335,114.5,9303666.0,1065269757.0
2025-10-01,114.08,116.059,112.79,112.95,9736341.0,1099719715.95
2025-10-02,112.975,113.17,110.775,112.14,8695136.0,975072551.04
2025-10-03,112.035,113.57,111.56,112.47,7148378.0,803978073.66
2025-10-06,112.69,113.105,111.45,112.75,6141223.0,692422893.25
2025-10-07,112.63,113.4,111.8,112.53,5409754.0,608759617.62
2025-10-08,112.805,113.2,111.65,111.89,7074442.0,791559315.38
2025-10-09,111.82,113.0,110.875,110.99,6502403.0,721701708.9699999
2025-10-10,111.53,112.68,109.11,109.19,9635211.0,1052068689.09
2025-10-13,110.39,110.96,109.38,110.27,7435054.0,819863404.5799999
2025-10-14,109.65,111.84,109.2,111.17,7897966.0,878016880.22
2025-10-15,111.47,112.675,111.14,111.71,7012557.0,783372742.4699999
2025-10-16,111.79,112.085,108.51,109.88,7531191.0,827527267.0799999
2025-10-17,109.74,111.46,109.44,110.67,10090543.0,1116720393.81
2025-10-20,111.03,112.25,110.6,111.96,8047473.0,900995077.08
2025-10-21,112.25,114.5395,112.04,114.3,8163164.0,933049645.2
2025-10-22,114.0,114.28,112.98,113.08,7569242.0,855929885.36
2025-10-23,113.17,113.83,111.9001,113.03,6945407.0,785039353.21
2025-10-24,113.23,113.65,111.59,111.68,6235183.0,696345237.44
2025-10-27,111.94,112.6,111.31,112.34,6029584.0,677363466.5600001
2025-10-28,111.91,112.48,111.4623,111.65,6839375.0,763616218.75
2025-10-29,111.18,111.53,110.01,110.24,7097056.0,782379453.4399999
2025-10-30,110.13,113.5801,109.55,111.84,8311279.0,929533443.36
2025-10-31,111.575,113.1,110.53,112.62,8700619.0,979863711.78
2025-11-03,112.55,112.81,111.03,112.12,8542271.0,957759424.52
2025-11-04,110.97,111.785,110.64,111.47,7950075.0,886194860.25
2025-11-05,111.35,111.97,110.6,111.36,5746038.0,639878791.68
2025-11-06,111.17,111.71,109.18,110.49,10291781.0,1137138882.69
2025-11-07,110.255,111.425,110.04,110.74,8782121.0,972532079.54
2025-11-10,111.145,112.79,111.03,112.24,9158709.0,1027973498.16
2025-11-11,112.65,114.97,112.42,114.85,9713347.0,1115577902.95
2025-11-12,114.57,117.0888,114.39,116.65,15248637.0,1778753506.0500002
2025-11-13,108.89,109.36,104.91,107.61,44045355.0,4739720651.55
2025-11-14,107.52,108.73,105.3,105.8,16691363.0,1765946205.4
2025-11-17,105.75,107.67,105.117,105.69,12296420.0,1299608629.8
2025-11-18,105.1,107.08,105.0,106.28,11796188.0,1253698860.64
2025-11-19,106.08,107.59,104.08,104.67,12789902.0,1338719042.34
2025-11-20,105.37,105.8,102.5,102.7,12609875.0,1295034162.5
2025-11-21,103.48,104.78,102.69,104.28,10785420.0,1124703597.6
2025-11-24,104.085,104.335,101.89,101.94,15024845.0,1531632699.3
2025-11-25,102.49,103.915,102.0,103.31,10574458.0,1092447255.98
2025-11-26,103.315,104.2509,102.88,103.43,10130217.0,1047768344.31
2025-11-28,103.3,104.74,103.24,104.47,6525548.0,681723999.56
2025-12-01,104.92,106.83,104.47,106.77,12628914.0,1348389147.78
2025-12-02,106.525,106.57,104.82,104.83,8548213.0,896109168.79
2025-12-03,104.9,105.85,104.47,105.74,10177760.0,1076196342.4
2025-12-04,105.84,106.215,104.5101,105.47,11471406.0,1209889190.82
2025-12-05,105.18,106.17,104.56,105.3,10663809.0,1122899087.7
2025-12-08,105.3,108.045,104.83,107.63,13727703.0,1477512673.89
2025-12-09,107.59,107.745,106.55,107.02,8535324.0,913450374.48
2025-12-10,107.12,109.665,106.58,108.83,11217104.0,1220757428.32
2025-12-11,109.2,111.56,109.11,111.46,13260431.0,1478007639.26
2025-12-12,111.73,113.34,111.15,111.6,13020010.0,1453033116.0
2025-12-15,110.7,111.55,108.55,110.49,14287168.0,1578589192.32
2025-12-16,111.215,112.8499,110.855,111.62,15548365.0,1735508501.3
2025-12-17,111.06,112.13,110.455,110.63,12119645.0,1340796326.35
2025-12-18,110.53,112.8,110.42,111.87,12898675.0,1442974772.25
2025-12-19,112.32,113.478,110.92,111.24,21137783.0,2351366980.92
2025-12-22,111.41,112.8,111.15,112.38,8780084.0,986705839.92
2025-12-23,112.29,113.31,112.04,113.22,7609808.0,861582461.76
2025-12-24,112.94,114.53,112.8,114.48,4587484.0,525175168.32
2025-12-26,114.15,114.74,113.27,113.56,5428886.0,616504294.16
2025-12-29,113.315,114.49,113.31,114.19,7966017.0,909639481.23
2025-12-30,114.1,115.28,114.1,114.79,6883851.0,790197256.2900001
2025-12-31,114.77,114.89,113.55,113.77,6607973.0,751789088.2099999
2026-01-02,113.44,113.44,111.62,111.85,8906211.0,996159700.35
2026-01-05,111.42,116.03,111.38,114.07,12028968.0,1372144379.76
2026-01-06,113.785,114.7599,113.107,114.57,7388341.0,846482228.37
2026-01-07,114.46,114.97,112.51,112.91,8296293.0,936734442.63
2026-01-08,112.545,114.99,112.545,114.17,9778203.0,1116377436.51
2026-01-09,114.31,115.98,113.9,115.88,8935207.0,1035411787.16
2026-01-12,114.63,114.94,112.55,112.82,10833806.0,1222269992.9199998
2026-01-13,112.84,113.22,111.61,112.98,8945659.0,1010680553.82
2026-01-14,112.81,113.59,112.26,113.53,8951292.0,1016240180.76
2026-01-15,113.71,114.11,112.17,113.41,7958518.0,902575526.38
2026-01-16,113.2,113.85,111.12,111.2,12049610.0,1339916632.0
2026-01-20,109.66,111.09,108.8,110.34,9818195.0,1083339636.3
2026-01-21,110.57,113.25,110.5,113.19,10041423.0,1136588669.37
2026-01-22,113.165,114.29,112.17,113.21,12437711.0,1408073262.31
2026-01-23,112.685,112.9476,110.55,110.98,10819751.0,1200775965.98
2026-01-26,111.68,112.41,111.13,111.31,8859849.0,986189792.19
2026-01-27,111.5,111.8,110.03,110.61,8956915.0,990724368.15
2026-01-28,110.28,111.4299,109.0,109.56,9016629.0,987861873.24
2026-01-29,109.63,111.67,108.76,111.58,11078959.0,1236190245.22
2026-01-30,111.36,112.945,110.99,112.8,17895224.0,2018581267.2
2026-02-02,104.01,108.61,103.75,104.45,37778503.0,3945964638.35
2026-02-03,104.78,104.99,102.34,104.22,24827093.0,2587479632.46
2026-02-04,104.2,108.6,103.63,107.05,19070374.0,2041483536.7
2026-02-05,107.05,108.33,104.81,104.97,11859533.0,1244895179.01
2026-02-06,106.13,108.9551,105.37,108.7,12105606.0,1315879372.2
2026-02-09,108.69,108.92,106.77,107.13,10515412.0,1126516087.56
2026-02-10,107.6,111.11,107.6,109.96,9815529.0,1079315568.84
2026-02-11,108.93,109.8699,107.795,108.12,9374912.0,1013615485.44
2026-02-12,107.93,108.16,101.02,102.38,25319617.0,2592222388.46
2026-02-13,101.4,105.52,101.2004,105.45,12845332.0,1354540259.4
2026-02-17,106.57,107.28,104.37,105.44,10467365.0,1103678965.6
2026-02-18,105.96,107.73,105.81,107.1,8791935.0,941616238.5
2026-02-19,107.105,107.77,105.45,106.0,7492923.0,794249838.0
2026-02-20,105.61,106.195,104.6501,105.58,9043632.0,954826666.56
2026-02-23,104.98,105.19,102.96,104.41,10626494.71283,1109512312.9665802
2026-02-24,104.45,107.2314,103.98,106.05,13594755.282377,1441723797.696081
2026-02-25,106.0,106.7199,104.51,105.05,8556478.192357,898858034.1071029
2026-02-26,105.47,106.77,105.315,105.55,9578521.392973,1011012933.0283002
2026-02-27,104.78,106.34,103.93,106.04,13954006.500075,1479682849.267953
2026-03-02,104.61,104.6131,102.86,104.33,14178584.336105,1479251703.7858346
2026-03-03,102.84,104.31,102.15,103.3,13608362.402883,1405743836.217814
2026-03-04,103.17,103.835,102.64,103.04,9672313.318503,996635164.3385493
2026-03-05,103.1,104.55,101.59,102.41,11761031.612005,1204447247.385432
2026-03-06,101.39,101.81,99.95,101.54,10448618.96142,1060952769.3425868
2026-03-09,100.55,101.8722,98.45,101.66,11715052.516958,1190952238.8739502
2026-03-10,101.745,102.24,100.24,101.32,7833149.101064,793654666.9198045
2026-03-11,101.4,101.89,100.4,100.89,8161816.216001,823445638.0323409
2026-03-12,100.1,100.875,99.37,99.43,10309389.141346,1025062562.3240328
2026-03-13,99.83,100.77,99.16,99.29,9551465.946984,948365053.8760414
2026-03-16,99.47,99.6871,98.46,98.66,11578529.565043,1142337726.8871424
2026-03-17,99.17,100.71,99.02,100.3,11784622.429176,1181997629.6463528
2026-03-18,99.84,101.02,99.0,99.42,12615136.821914,1254196902.83469
2026-03-19,99.03,100.775,98.435,99.2,14793761.005323,1467541091.7280416
2026-03-20,99.01,100.025,98.39,99.51,27541347.819882,2740639521.556458
2026-03-23,100.22,100.6,97.86,97.95,11373009.930408,1113986322.6834636
2026-03-24,97.74,98.05,96.25,96.39,9155717.331399,882519593.5735495
2026-03-25,96.82,97.18,95.055,95.95,8467460.280142,812452813.879625
2026-03-26,95.12,96.4,94.585,94.75,8548801.598714,809998951.4781514
2026-03-27,94.19,94.19,92.185,92.42,12475879.469022,1153020780.5270133
2026-03-30,92.89,95.185,92.89,94.32,10592642.507292,999098041.2877816
2026-03-31,95.34,96.885,94.19,96.38,11180156.872157,1077543519.3384917
2026-04-01,97.255,98.36,96.49,96.56,8518600.000366,822556016.035341
2026-04-02,96.0,97.1699,95.09,96.61,6379090.716412,616283954.1125634
2026-04-06,96.5,97.16,96.12,96.28,5882227.735446,566340886.3687408
2026-04-07,95.795,96.785,95.325,95.78,7913016.533975,757908723.6241255
2026-04-08,98.1,99.19,97.69,99.18,10820968.768144,1073223682.424522
2026-04-09,98.66,100.225,97.675,99.79,8916690.89558,889796584.4699281
2026-04-10,99.84,100.1582,98.815,99.17,6359240.636887,630645893.9600838
2026-04-13,98.53,101.27,98.53,101.18,6790044.207312,687016672.8958282
2026-04-14,101.34,103.1,100.9,102.59,9997361.189361,1025629284.416545
2026-04-15,102.6,103.375,101.79,103.04,7035321.888365,724919567.3771296
2026-04-16,103.62,104.53,102.78,103.9,8145920.264652,846361115.4973428
2026-04-17,104.685,106.33,104.685,106.29,10506163.686899,1116700138.280495
2026-04-20,105.91,107.11,105.91,106.3,6421927.734278,682650918.1537514
2026-04-21,106.19,106.875,103.965,104.29,7782729.642561,811660874.4226867
2026-04-22,105.03,106.28,104.23,104.82,6886600.025227,721853414.6442941
2026-04-23,104.94,105.2,102.55,103.65,6146952.273392,637131603.1370809
2026-04-24,103.595,103.64,101.97,102.6,5974472.364271,612980864.5742046
2026-04-27,102.62,103.81,102.06,102.35,6522627.758389,667590951.0711141
2026-04-28,102.66,103.2899,100.61,101.47,6409295.346827,650351198.8425357
2026-04-29,100.94,101.48,100.6,101.3,5533071.579454,560500150.9986902
2026-04-30,100.91,104.12,100.42,103.75,9203504.703304,954863612.96779
2026-05-01,104.4,104.8325,102.97,103.08,5956945.072314,614041898.0541271
2026-05-04,102.74,103.05,101.27,101.31,8400019.382585,851005963.6496863
2026-05-05,101.53,101.73,100.06,100.48,14314678.094052,1438338854.890345
2026-05-06,106.515,109.14,105.31,108.06,23243263.831833,2511667089.6678743
2026-05-07,109.05,110.48,107.09,108.66,14309207.46051,1554838482.6590166
2026-05-08,109.03,109.21,107.54,108.02,8369970.348238,904124197.0166688
2026-05-11,108.0,108.39,104.38,104.72,10562317.861558,1106085926.4623537
2026-05-12,104.99,106.27,104.215,106.16,8178676.433899,868248290.2227179
2026-05-13,105.35,105.88,103.86,104.9,7605943.504755,797863473.6487995
2026-05-14,105.54,106.29,104.845,105.42,6144555.478313,647759038.5237565
2026-05-15,105.03,105.42,102.3,102.72,9258603.758412,951043778.0640806
2026-05-18,102.69,104.7,102.55,103.91,9037187.457092,939054148.6664298
2026-05-19,103.71,103.93,101.9702,102.29,7032572.322219,719361822.8397815
2026-05-20,102.905,104.855,101.6,104.08,7941447.592881,826545865.4670545
2026-05-21,103.61,104.62,102.585,103.58,8609596.522958,891782007.8479896
2026-05-22,104.04,104.5,102.98,103.0,5700791.797248,587181555.116544
2026-05-26,103.1,103.8,102.345,103.28,6717875.103547,693822140.6943341
2026-05-27,103.3,105.25,103.26,104.18,7362178.499658,766991756.0943705
